Section_Label,Course,Section,StudentID
BMS,BMS,Full,BA009-24
BMS,BMS,Full,BA032-24
BMS,BMS,Full,BA044-24
BMS,BMS,Full,H030-24
BMS,BMS,Full,IPM002-21
BMS,BMS,Full,IPM020-21
BMS,BMS,Full,IPM022-21
BMS,BMS,Full,IPM029-21
BMS,BMS,Full,IPM034-21
BMS,BMS,Full,IPM037-21
BMS,BMS,Full,IPM051-21
BMS,BMS,Full,IPM059-21
BMS,BMS,Full,IPM062-21
BMS,BMS,Full,IPM093-21
BMS,BMS,Full,IPM099-21
BMS,BMS,Full,M010-24
BMS,BMS,Full,M013-24
BMS,BMS,Full,M019-24
BMS,BMS,Full,M023-24
BMS,BMS,Full,M026-24
BMS,BMS,Full,M033-24
BMS,BMS,Full,M040-24
BMS,BMS,Full,M049-24
BMS,BMS,Full,M055-24
BMS,BMS,Full,M060-24
BMS,BMS,Full,M069-24
BMS,BMS,Full,M076-24
BMS,BMS,Full,M082-24
BMS,BMS,Full,M091-24
BMS,BMS,Full,M096-24
BMS,BMS,Full,M101-24
BMS,BMS,Full,M118-24
BMS,BMS,Full,M121-24
BMS,BMS,Full,M125-23
BMS,BMS,Full,M126-24
BMS,BMS,Full,M136-24
BMS,BMS,Full,M137-24
BMS,BMS,Full,M145-24
BMS,BMS,Full,M154-24
BMS,BMS,Full,M159-24
BMS,BMS,Full,M161-24
BMS,BMS,Full,M172-24
BMS,BMS,Full,M192-24
BMS,BMS,Full,M200-23
BMS,BMS,Full,M226-24
BMS,BMS,Full,M238-24
BMS,BMS,Full,M249-24
BMS,BMS,Full,M253-24
BV,BV,Full,IPM013-21
BV,BV,Full,IPM017-21
BV,BV,Full,IPM018-21
BV,BV,Full,IPM021-21
BV,BV,Full,IPM032-21
BV,BV,Full,IPM043-21
BV,BV,Full,IPM048-21
BV,BV,Full,IPM053-21
BV,BV,Full,IPM054-21
BV,BV,Full,IPM058-21
BV,BV,Full,IPM062-21
BV,BV,Full,IPM072-21
BV,BV,Full,IPM073-21
BV,BV,Full,IPM076-21
BV,BV,Full,IPM077-21
BV,BV,Full,IPM085-21
BV,BV,Full,IPM087-21
BV,BV,Full,IPM093-21
BV,BV,Full,IPM105-21
BV,BV,Full,IPM112-21
BV,BV,Full,IPM115-21
BV,BV,Full,IPM116-21
BV,BV,Full,M007-24
BV,BV,Full,M018-24
BV,BV,Full,M030-24
BV,BV,Full,M032-24
BV,BV,Full,M037-24
BV,BV,Full,M039-24
BV,BV,Full,M056-24
BV,BV,Full,M064-24
BV,BV,Full,M072-24
BV,BV,Full,M077-24
BV,BV,Full,M079-24
BV,BV,Full,M083-24
BV,BV,Full,M090-24
BV,BV,Full,M093-24
BV,BV,Full,M104-24
BV,BV,Full,M106-24
BV,BV,Full,M108-24
BV,BV,Full,M172-24
BV,BV,Full,M193-24
BV,BV,Full,M201-24
BV,BV,Full,M202-24
BV,BV,Full,M203-24
BV,BV,Full,M236-24
BV,BV,Full,M237-24
BV,BV,Full,M244-24
BV,BV,Full,M245-24
BV,BV,Full,M250-24
BV,BV,Full,M257-24
BV,BV,Full,M263-24
BV,BV,Full,M266-24
BV,BV,Full,M271-24
CB_SecA,CB,SecA,BA004-23
CB_SecA,CB,SecA,BA041-24
CB_SecA,CB,SecA,BA046-24
CB_SecA,CB,SecA,BA047-24
CB_SecA,CB,SecA,BA050-24
CB_SecA,CB,SecA,IPM002-21
CB_SecA,CB,SecA,IPM009-21
CB_SecA,CB,SecA,IPM011-21
CB_SecA,CB,SecA,IPM037-21
CB_SecA,CB,SecA,IPM052-21
CB_SecA,CB,SecA,IPM056-21
CB_SecA,CB,SecA,IPM059-21
CB_SecA,CB,SecA,IPM061-21
CB_SecA,CB,SecA,IPM063-21
CB_SecA,CB,SecA,IPM067-21
CB_SecA,CB,SecA,IPM078-21
CB_SecA,CB,SecA,IPM094-21
CB_SecA,CB,SecA,IPM099-21
CB_SecA,CB,SecA,IPM117-21
CB_SecA,CB,SecA,IPM123-21
CB_SecA,CB,SecA,M004-24
CB_SecA,CB,SecA,M010-24
CB_SecA,CB,SecA,M040-23
CB_SecA,CB,SecA,M043-24
CB_SecA,CB,SecA,M048-24
CB_SecA,CB,SecA,M049-23
CB_SecA,CB,SecA,M055-24
CB_SecA,CB,SecA,M068-24
CB_SecA,CB,SecA,M070-24
CB_SecA,CB,SecA,M073-24
CB_SecA,CB,SecA,M091-24
CB_SecA,CB,SecA,M097-24
CB_SecA,CB,SecA,M103-24
CB_SecA,CB,SecA,M105-24
CB_SecA,CB,SecA,M107-24
CB_SecA,CB,SecA,M114-24
CB_SecA,CB,SecA,M122-24
CB_SecA,CB,SecA,M145-24
CB_SecA,CB,SecA,M149-23
CB_SecA,CB,SecA,M151-24
CB_SecA,CB,SecA,M159-24
CB_SecA,CB,SecA,M180-24
CB_SecA,CB,SecA,M198-24
CB_SecA,CB,SecA,M208-23
CB_SecA,CB,SecA,M220-24
CB_SecA,CB,SecA,M221-24
CB_SecA,CB,SecA,M228-24
CB_SecA,CB,SecA,M229-24
CB_SecA,CB,SecA,M230-24
CB_SecA,CB,SecA,M234-24
CB_SecA,CB,SecA,M240-24
CB_SecA,CB,SecA,M249-23
CB_SecA,CB,SecA,M251-23
CB_SecA,CB,SecA,M258-24
CB_SecA,CB,SecA,M261-24
CB_SecA,CB,SecA,M265-24
CB_SecB,CB,SecB,IPM013-21
CB_SecB,CB,SecB,IPM015-21
CB_SecB,CB,SecB,IPM044-21
CB_SecB,CB,SecB,IPM045-21
CB_SecB,CB,SecB,IPM055-21
CB_SecB,CB,SecB,IPM071-21
CB_SecB,CB,SecB,IPM080-21
CB_SecB,CB,SecB,IPM088-21
CB_SecB,CB,SecB,IPM097-21
CB_SecB,CB,SecB,IPM114-21
CB_SecB,CB,SecB,IPM116-21
CB_SecB,CB,SecB,M002-24
CB_SecB,CB,SecB,M005-24
CB_SecB,CB,SecB,M014-24
CB_SecB,CB,SecB,M015-24
CB_SecB,CB,SecB,M017-24
CB_SecB,CB,SecB,M020-24
CB_SecB,CB,SecB,M024-24
CB_SecB,CB,SecB,M029-24
CB_SecB,CB,SecB,M045-24
CB_SecB,CB,SecB,M047-24
CB_SecB,CB,SecB,M052-24
CB_SecB,CB,SecB,M053-24
CB_SecB,CB,SecB,M057-24
CB_SecB,CB,SecB,M058-24
CB_SecB,CB,SecB,M063-24
CB_SecB,CB,SecB,M071-24
CB_SecB,CB,SecB,M085-24
CB_SecB,CB,SecB,M101-24
CB_SecB,CB,SecB,M113-24
CB_SecB,CB,SecB,M121-24
CB_SecB,CB,SecB,M142-24
CB_SecB,CB,SecB,M164-24
CB_SecB,CB,SecB,M165-24
CB_SecB,CB,SecB,M171-24
CB_SecB,CB,SecB,M176-24
CB_SecB,CB,SecB,M177-24
CB_SecB,CB,SecB,M184-24
CB_SecB,CB,SecB,M199-24
CB_SecB,CB,SecB,M208-24
CB_SecB,CB,SecB,M217-24
CB_SecB,CB,SecB,M223-24
CB_SecB,CB,SecB,M224-24
CB_SecB,CB,SecB,M232-24
CB_SecB,CB,SecB,M236-24
CB_SecB,CB,SecB,M243-24
CB_SecB,CB,SecB,M245-24
CB_SecB,CB,SecB,M248-24
CB_SecB,CB,SecB,M249-24
CB_SecB,CB,SecB,M250-24
CB_SecB,CB,SecB,M251-24
CB_SecB,CB,SecB,M253-24
CB_SecB,CB,SecB,M255-24
CB_SecB,CB,SecB,M262-24
CB_SecB,CB,SecB,M266-24
CCS_SecA,CCS,SecA,IPM011-21
CCS_SecA,CCS,SecA,IPM015-21
CCS_SecA,CCS,SecA,IPM016-21
CCS_SecA,CCS,SecA,IPM020-21
CCS_SecA,CCS,SecA,IPM023-21
CCS_SecA,CCS,SecA,IPM037-21
CCS_SecA,CCS,SecA,IPM039-21
CCS_SecA,CCS,SecA,IPM045-21
CCS_SecA,CCS,SecA,IPM053-21
CCS_SecA,CCS,SecA,IPM055-21
CCS_SecA,CCS,SecA,IPM057-21
CCS_SecA,CCS,SecA,IPM102-21
CCS_SecA,CCS,SecA,M002-24
CCS_SecA,CCS,SecA,M003-24
CCS_SecA,CCS,SecA,M005-24
CCS_SecA,CCS,SecA,M010-23
CCS_SecA,CCS,SecA,M041-24
CCS_SecA,CCS,SecA,M044-24
CCS_SecA,CCS,SecA,M047-24
CCS_SecA,CCS,SecA,M049-24
CCS_SecA,CCS,SecA,M052-24
CCS_SecA,CCS,SecA,M053-24
CCS_SecA,CCS,SecA,M057-24
CCS_SecA,CCS,SecA,M063-24
CCS_SecA,CCS,SecA,M089-24
CCS_SecA,CCS,SecA,M101-24
CCS_SecA,CCS,SecA,M103-24
CCS_SecA,CCS,SecA,M138-24
CCS_SecA,CCS,SecA,M141-24
CCS_SecA,CCS,SecA,M157-24
CCS_SecA,CCS,SecA,M176-24
CCS_SecA,CCS,SecA,M180-24
CCS_SecA,CCS,SecA,M182-24
CCS_SecA,CCS,SecA,M184-24
CCS_SecA,CCS,SecA,M186-23
CCS_SecA,CCS,SecA,M189-24
CCS_SecA,CCS,SecA,M194-24
CCS_SecA,CCS,SecA,M199-24
CCS_SecA,CCS,SecA,M208-24
CCS_SecA,CCS,SecA,M217-24
CCS_SecA,CCS,SecA,M219-24
CCS_SecA,CCS,SecA,M232-24
CCS_SecA,CCS,SecA,M237-24
CCS_SecA,CCS,SecA,M242-24
CCS_SecA,CCS,SecA,M245-24
CCS_SecA,CCS,SecA,M247-24
CCS_SecA,CCS,SecA,M248-24
CCS_SecA,CCS,SecA,M249-24
CCS_SecA,CCS,SecA,M251-24
CCS_SecA,CCS,SecA,M253-24
CCS_SecA,CCS,SecA,M255-24
CCS_SecA,CCS,SecA,M257-24
CCS_SecA,CCS,SecA,M259-24
CCS_SecA,CCS,SecA,M261-24
CCS_SecA,CCS,SecA,M266-24
CCS_SecB,CCS,SecB,BA002-24
CCS_SecB,CCS,SecB,BA005-24
CCS_SecB,CCS,SecB,BA017-24
CCS_SecB,CCS,SecB,BA019-24
CCS_SecB,CCS,SecB,BA020-24
CCS_SecB,CCS,SecB,BA026-24
CCS_SecB,CCS,SecB,BA032-24
CCS_SecB,CCS,SecB,BA042-24
CCS_SecB,CCS,SecB,BA044-24
CCS_SecB,CCS,SecB,BA051-24
CCS_SecB,CCS,SecB,H005-24
CCS_SecB,CCS,SecB,H012-24
CCS_SecB,CCS,SecB,H017-24
CCS_SecB,CCS,SecB,H018-24
CCS_SecB,CCS,SecB,H019-24
CCS_SecB,CCS,SecB,H020-24
CCS_SecB,CCS,SecB,H028-24
CCS_SecB,CCS,SecB,H030-23
CCS_SecB,CCS,SecB,H032-24
CCS_SecB,CCS,SecB,H034-24
CCS_SecB,CCS,SecB,H035-24
CCS_SecB,CCS,SecB,H037-24
CCS_SecB,CCS,SecB,H039-24
CCS_SecB,CCS,SecB,H040-24
CCS_SecB,CCS,SecB,H045-24
CCS_SecB,CCS,SecB,H046-24
CCS_SecB,CCS,SecB,H049-23
CCS_SecB,CCS,SecB,H055-24
CCS_SecB,CCS,SecB,H057-24
CCS_SecB,CCS,SecB,H085-23
CCS_SecB,CCS,SecB,IPM008-21
CCS_SecB,CCS,SecB,IPM044-21
CCS_SecB,CCS,SecB,IPM100-21
CCS_SecB,CCS,SecB,M011-24
CCS_SecB,CCS,SecB,M012-24
CCS_SecB,CCS,SecB,M034-23
CCS_SecB,CCS,SecB,M037-24
CCS_SecB,CCS,SecB,M038-24
CCS_SecB,CCS,SecB,M071-24
CCS_SecB,CCS,SecB,M074-24
CCS_SecB,CCS,SecB,M082-24
CCS_SecB,CCS,SecB,M083-24
CCS_SecB,CCS,SecB,M090-24
CCS_SecB,CCS,SecB,M095-24
CCS_SecB,CCS,SecB,M099-24
CCS_SecB,CCS,SecB,M111-24
CCS_SecB,CCS,SecB,M121-24
CCS_SecB,CCS,SecB,M128-24
CCS_SecB,CCS,SecB,M134-24
CCS_SecB,CCS,SecB,M136-24
CCS_SecB,CCS,SecB,M170-24
CCS_SecB,CCS,SecB,M172-24
CCS_SecB,CCS,SecB,M178-24
CCS_SecB,CCS,SecB,M192-24
CCS_SecB,CCS,SecB,M196-24
CCS_SecB,CCS,SecB,M210-24
CCS_SecB,CCS,SecB,M244-23
CCS_SecB,CCS,SecB,M262-24
CRM_SecA,CRM,SecA,BA010-24
CRM_SecA,CRM,SecA,BA012-24
CRM_SecA,CRM,SecA,BA013-24
CRM_SecA,CRM,SecA,BA021-24
CRM_SecA,CRM,SecA,BA032-24
CRM_SecA,CRM,SecA,BA044-24
CRM_SecA,CRM,SecA,BA048-24
CRM_SecA,CRM,SecA,H072-23
CRM_SecA,CRM,SecA,IPM002-21
CRM_SecA,CRM,SecA,IPM008-21
CRM_SecA,CRM,SecA,IPM020-21
CRM_SecA,CRM,SecA,IPM022-21
CRM_SecA,CRM,SecA,IPM023-21
CRM_SecA,CRM,SecA,IPM034-21
CRM_SecA,CRM,SecA,IPM037-21
CRM_SecA,CRM,SecA,IPM039-21
CRM_SecA,CRM,SecA,IPM051-21
CRM_SecA,CRM,SecA,IPM055-21
CRM_SecA,CRM,SecA,IPM057-21
CRM_SecA,CRM,SecA,IPM059-21
CRM_SecA,CRM,SecA,IPM067-21
CRM_SecA,CRM,SecA,IPM094-21
CRM_SecA,CRM,SecA,IPM099-21
CRM_SecA,CRM,SecA,IPM107-21
CRM_SecA,CRM,SecA,M001-24
CRM_SecA,CRM,SecA,M006-24
CRM_SecA,CRM,SecA,M010-24
CRM_SecA,CRM,SecA,M019-24
CRM_SecA,CRM,SecA,M022-24
CRM_SecA,CRM,SecA,M023-24
CRM_SecA,CRM,SecA,M034-23
CRM_SecA,CRM,SecA,M038-24
CRM_SecA,CRM,SecA,M046-24
CRM_SecA,CRM,SecA,M048-24
CRM_SecA,CRM,SecA,M055-24
CRM_SecA,CRM,SecA,M068-24
CRM_SecA,CRM,SecA,M075-24
CRM_SecA,CRM,SecA,M076-24
CRM_SecA,CRM,SecA,M082-24
CRM_SecA,CRM,SecA,M101-24
CRM_SecA,CRM,SecA,M111-24
CRM_SecA,CRM,SecA,M122-24
CRM_SecA,CRM,SecA,M125-23
CRM_SecA,CRM,SecA,M125-24
CRM_SecA,CRM,SecA,M133-24
CRM_SecA,CRM,SecA,M136-24
CRM_SecA,CRM,SecA,M146-24
CRM_SecA,CRM,SecA,M149-23
CRM_SecA,CRM,SecA,M151-24
CRM_SecA,CRM,SecA,M163-24
CRM_SecA,CRM,SecA,M165-24
CRM_SecA,CRM,SecA,M170-24
CRM_SecA,CRM,SecA,M178-24
CRM_SecA,CRM,SecA,M186-23
CRM_SecA,CRM,SecA,M200-23
CRM_SecA,CRM,SecA,M208-23
CRM_SecA,CRM,SecA,M219-24
CRM_SecA,CRM,SecA,M231-24
CRM_SecA,CRM,SecA,M234-24
CRM_SecA,CRM,SecA,M238-24
CRM_SecA,CRM,SecA,M240-24
CRM_SecA,CRM,SecA,M242-24
CRM_SecA,CRM,SecA,M244-23
CRM_SecA,CRM,SecA,M264-24
CRM_SecA,CRM,SecA,M270-24
CRM_SecB,CRM,SecB,BA006-24
CRM_SecB,CRM,SecB,BA009-24
CRM_SecB,CRM,SecB,BA020-24
CRM_SecB,CRM,SecB,BA031-24
CRM_SecB,CRM,SecB,BA054-24
CRM_SecB,CRM,SecB,IPM003-21
CRM_SecB,CRM,SecB,IPM009-21
CRM_SecB,CRM,SecB,IPM015-21
CRM_SecB,CRM,SecB,IPM032-21
CRM_SecB,CRM,SecB,IPM040-21
CRM_SecB,CRM,SecB,IPM045-21
CRM_SecB,CRM,SecB,IPM048-21
CRM_SecB,CRM,SecB,IPM053-21
CRM_SecB,CRM,SecB,IPM063-21
CRM_SecB,CRM,SecB,IPM077-21
CRM_SecB,CRM,SecB,IPM088-21
CRM_SecB,CRM,SecB,IPM097-21
CRM_SecB,CRM,SecB,IPM105-21
CRM_SecB,CRM,SecB,IPM112-21
CRM_SecB,CRM,SecB,M010-23
CRM_SecB,CRM,SecB,M013-24
CRM_SecB,CRM,SecB,M014-24
CRM_SecB,CRM,SecB,M016-24
CRM_SecB,CRM,SecB,M017-24
CRM_SecB,CRM,SecB,M030-24
CRM_SecB,CRM,SecB,M031-24
CRM_SecB,CRM,SecB,M033-24
CRM_SecB,CRM,SecB,M034-24
CRM_SecB,CRM,SecB,M041-24
CRM_SecB,CRM,SecB,M051-24
CRM_SecB,CRM,SecB,M053-24
CRM_SecB,CRM,SecB,M057-24
CRM_SecB,CRM,SecB,M065-24
CRM_SecB,CRM,SecB,M073-24
CRM_SecB,CRM,SecB,M079-24
CRM_SecB,CRM,SecB,M089-24
CRM_SecB,CRM,SecB,M099-23
CRM_SecB,CRM,SecB,M099-24
CRM_SecB,CRM,SecB,M112-24
CRM_SecB,CRM,SecB,M113-24
CRM_SecB,CRM,SecB,M116-24
CRM_SecB,CRM,SecB,M126-24
CRM_SecB,CRM,SecB,M129-24
CRM_SecB,CRM,SecB,M132-24
CRM_SecB,CRM,SecB,M138-24
CRM_SecB,CRM,SecB,M141-24
CRM_SecB,CRM,SecB,M155-24
CRM_SecB,CRM,SecB,M164-24
CRM_SecB,CRM,SecB,M168-24
CRM_SecB,CRM,SecB,M176-24
CRM_SecB,CRM,SecB,M188-24
CRM_SecB,CRM,SecB,M190-24
CRM_SecB,CRM,SecB,M195-24
CRM_SecB,CRM,SecB,M204-24
CRM_SecB,CRM,SecB,M213-24
CRM_SecB,CRM,SecB,M216-24
CRM_SecB,CRM,SecB,M217-24
CRM_SecB,CRM,SecB,M223-24
CRM_SecB,CRM,SecB,M237-24
CRM_SecB,CRM,SecB,M241-24
CRM_SecB,CRM,SecB,M243-24
CRM_SecB,CRM,SecB,M249-24
CRM_SecB,CRM,SecB,M250-24
CRM_SecB,CRM,SecB,M251-23
CRM_SecB,CRM,SecB,M260-24
CRM_SecB,CRM,SecB,M262-24
CRM_SecB,CRM,SecB,M263-24
CRM_SecB,CRM,SecB,M269-24
CS_SecA,CS,SecA,BA018-24
CS_SecA,CS,SecA,IPM017-21
CS_SecA,CS,SecA,IPM018-21
CS_SecA,CS,SecA,IPM033-21
CS_SecA,CS,SecA,IPM040-21
CS_SecA,CS,SecA,IPM041-21
CS_SecA,CS,SecA,IPM060-21
CS_SecA,CS,SecA,IPM070-21
CS_SecA,CS,SecA,IPM078-21
CS_SecA,CS,SecA,IPM079-21
CS_SecA,CS,SecA,IPM097-21
CS_SecA,CS,SecA,M002-24
CS_SecA,CS,SecA,M003-24
CS_SecA,CS,SecA,M016-24
CS_SecA,CS,SecA,M024-24
CS_SecA,CS,SecA,M031-24
CS_SecA,CS,SecA,M032-24
CS_SecA,CS,SecA,M034-24
CS_SecA,CS,SecA,M051-24
CS_SecA,CS,SecA,M056-24
CS_SecA,CS,SecA,M065-24
CS_SecA,CS,SecA,M072-24
CS_SecA,CS,SecA,M085-24
CS_SecA,CS,SecA,M090-24
CS_SecA,CS,SecA,M093-24
CS_SecA,CS,SecA,M095-24
CS_SecA,CS,SecA,M096-24
CS_SecA,CS,SecA,M099-23
CS_SecA,CS,SecA,M104-24
CS_SecA,CS,SecA,M114-24
CS_SecA,CS,SecA,M118-24
CS_SecA,CS,SecA,M120-24
CS_SecA,CS,SecA,M123-24
CS_SecA,CS,SecA,M129-24
CS_SecA,CS,SecA,M131-24
CS_SecA,CS,SecA,M135-24
CS_SecA,CS,SecA,M141-24
CS_SecA,CS,SecA,M147-24
CS_SecA,CS,SecA,M152-24
CS_SecA,CS,SecA,M157-24
CS_SecA,CS,SecA,M168-24
CS_SecA,CS,SecA,M171-24
CS_SecA,CS,SecA,M177-24
CS_SecA,CS,SecA,M182-24
CS_SecA,CS,SecA,M184-24
CS_SecA,CS,SecA,M186-24
CS_SecA,CS,SecA,M188-24
CS_SecA,CS,SecA,M194-24
CS_SecA,CS,SecA,M195-24
CS_SecA,CS,SecA,M205-24
CS_SecA,CS,SecA,M206-24
CS_SecA,CS,SecA,M208-24
CS_SecA,CS,SecA,M218-24
CS_SecA,CS,SecA,M222-24
CS_SecA,CS,SecA,M223-24
CS_SecA,CS,SecA,M225-24
CS_SecA,CS,SecA,M228-24
CS_SecA,CS,SecA,M235-24
CS_SecA,CS,SecA,M241-24
CS_SecA,CS,SecA,M244-24
CS_SecA,CS,SecA,M251-23
CS_SecA,CS,SecA,M251-24
CS_SecA,CS,SecA,M258-24
CS_SecA,CS,SecA,M267-24
CS_SecB,CS,SecB,BA007-24
CS_SecB,CS,SecB,BA011-24
CS_SecB,CS,SecB,BA017-24
CS_SecB,CS,SecB,BA033-24
CS_SecB,CS,SecB,BA038-24
CS_SecB,CS,SecB,BA042-24
CS_SecB,CS,SecB,BA051-24
CS_SecB,CS,SecB,H001-24
CS_SecB,CS,SecB,H003-24
CS_SecB,CS,SecB,H004-23
CS_SecB,CS,SecB,H004-24
CS_SecB,CS,SecB,H007-24
CS_SecB,CS,SecB,H009-24
CS_SecB,CS,SecB,H010-24
CS_SecB,CS,SecB,H015-24
CS_SecB,CS,SecB,H022-24
CS_SecB,CS,SecB,H023-24
CS_SecB,CS,SecB,H025-24
CS_SecB,CS,SecB,H029-24
CS_SecB,CS,SecB,H036-24
CS_SecB,CS,SecB,H038-24
CS_SecB,CS,SecB,H041-24
CS_SecB,CS,SecB,H043-24
CS_SecB,CS,SecB,H048-24
CS_SecB,CS,SecB,H049-24
CS_SecB,CS,SecB,H050-24
CS_SecB,CS,SecB,H051-24
CS_SecB,CS,SecB,H053-24
CS_SecB,CS,SecB,H059-24
CS_SecB,CS,SecB,IPM003-21
CS_SecB,CS,SecB,IPM015-21
CS_SecB,CS,SecB,IPM045-21
CS_SecB,CS,SecB,IPM116-21
CS_SecB,CS,SecB,IPM128-21
CS_SecB,CS,SecB,M005-24
CS_SecB,CS,SecB,M012-24
CS_SecB,CS,SecB,M014-24
CS_SecB,CS,SecB,M027-24
CS_SecB,CS,SecB,M033-24
CS_SecB,CS,SecB,M036-24
CS_SecB,CS,SecB,M063-24
CS_SecB,CS,SecB,M069-24
CS_SecB,CS,SecB,M071-24
CS_SecB,CS,SecB,M083-24
CS_SecB,CS,SecB,M121-24
CS_SecB,CS,SecB,M139-24
CS_SecB,CS,SecB,M154-24
CS_SecB,CS,SecB,M159-24
CS_SecB,CS,SecB,M166-24
CS_SecB,CS,SecB,M171-23
CS_SecB,CS,SecB,M190-24
CS_SecB,CS,SecB,M196-24
CS_SecB,CS,SecB,M197-24
CS_SecB,CS,SecB,M198-24
CS_SecB,CS,SecB,M201-24
CS_SecB,CS,SecB,M203-24
CS_SecB,CS,SecB,M210-24
CS_SecB,CS,SecB,M213-24
CS_SecB,CS,SecB,M214-24
CS_SecB,CS,SecB,M216-24
CS_SecB,CS,SecB,M246-24
CS_SecB,CS,SecB,M249-24
CS_SecB,CS,SecB,M250-24
CS_SecB,CS,SecB,M257-24
CS_SecB,CS,SecB,M261-24
DMPA_SecA,DMPA,SecA,BA004-24
DMPA_SecA,DMPA,SecA,BA005-24
DMPA_SecA,DMPA,SecA,BA007-24
DMPA_SecA,DMPA,SecA,BA010-24
DMPA_SecA,DMPA,SecA,BA012-24
DMPA_SecA,DMPA,SecA,BA013-24
DMPA_SecA,DMPA,SecA,BA014-24
DMPA_SecA,DMPA,SecA,BA015-24
DMPA_SecA,DMPA,SecA,BA017-24
DMPA_SecA,DMPA,SecA,BA021-24
DMPA_SecA,DMPA,SecA,BA029-24
DMPA_SecA,DMPA,SecA,BA032-24
DMPA_SecA,DMPA,SecA,BA035-24
DMPA_SecA,DMPA,SecA,BA037-24
DMPA_SecA,DMPA,SecA,BA041-24
DMPA_SecA,DMPA,SecA,BA042-24
DMPA_SecA,DMPA,SecA,BA047-24
DMPA_SecA,DMPA,SecA,BA048-24
DMPA_SecA,DMPA,SecA,BA049-24
DMPA_SecA,DMPA,SecA,BA050-24
DMPA_SecA,DMPA,SecA,BA054-24
DMPA_SecA,DMPA,SecA,IPM006-21
DMPA_SecA,DMPA,SecA,IPM009-21
DMPA_SecA,DMPA,SecA,IPM011-21
DMPA_SecA,DMPA,SecA,IPM040-21
DMPA_SecA,DMPA,SecA,IPM052-21
DMPA_SecA,DMPA,SecA,IPM056-21
DMPA_SecA,DMPA,SecA,IPM063-21
DMPA_SecA,DMPA,SecA,IPM067-21
DMPA_SecA,DMPA,SecA,IPM078-21
DMPA_SecA,DMPA,SecA,IPM118-21
DMPA_SecA,DMPA,SecA,IPM123-21
DMPA_SecA,DMPA,SecA,M004-24
DMPA_SecA,DMPA,SecA,M026-24
DMPA_SecA,DMPA,SecA,M038-24
DMPA_SecA,DMPA,SecA,M070-24
DMPA_SecA,DMPA,SecA,M084-24
DMPA_SecA,DMPA,SecA,M112-24
DMPA_SecA,DMPA,SecA,M139-24
DMPA_SecA,DMPA,SecA,M155-24
DMPA_SecA,DMPA,SecA,M166-24
DMPA_SecA,DMPA,SecA,M197-24
DMPA_SecA,DMPA,SecA,M198-24
DMPA_SecA,DMPA,SecA,M246-24
DMPA_SecA,DMPA,SecA,M260-24
DMPA_SecB,DMPA,SecB,BA002-24
DMPA_SecB,DMPA,SecB,BA003-24
DMPA_SecB,DMPA,SecB,BA006-24
DMPA_SecB,DMPA,SecB,BA008-24
DMPA_SecB,DMPA,SecB,BA011-24
DMPA_SecB,DMPA,SecB,BA018-24
DMPA_SecB,DMPA,SecB,BA019-24
DMPA_SecB,DMPA,SecB,BA020-24
DMPA_SecB,DMPA,SecB,BA022-24
DMPA_SecB,DMPA,SecB,BA023-24
DMPA_SecB,DMPA,SecB,BA024-24
DMPA_SecB,DMPA,SecB,BA025-24
DMPA_SecB,DMPA,SecB,BA028-24
DMPA_SecB,DMPA,SecB,BA030-24
DMPA_SecB,DMPA,SecB,BA031-24
DMPA_SecB,DMPA,SecB,BA033-24
DMPA_SecB,DMPA,SecB,BA036-24
DMPA_SecB,DMPA,SecB,BA038-24
DMPA_SecB,DMPA,SecB,BA039-24
DMPA_SecB,DMPA,SecB,BA040-24
DMPA_SecB,DMPA,SecB,BA043-24
DMPA_SecB,DMPA,SecB,BA051-24
DMPA_SecB,DMPA,SecB,BA052-24
DMPA_SecB,DMPA,SecB,BA055-24
DMPA_SecB,DMPA,SecB,IPM021-21
DMPA_SecB,DMPA,SecB,IPM029-21
DMPA_SecB,DMPA,SecB,IPM032-21
DMPA_SecB,DMPA,SecB,IPM033-21
DMPA_SecB,DMPA,SecB,IPM058-21
DMPA_SecB,DMPA,SecB,IPM062-21
DMPA_SecB,DMPA,SecB,IPM073-21
DMPA_SecB,DMPA,SecB,IPM085-21
DMPA_SecB,DMPA,SecB,IPM087-21
DMPA_SecB,DMPA,SecB,IPM093-21
DMPA_SecB,DMPA,SecB,IPM115-21
DMPA_SecB,DMPA,SecB,M007-24
DMPA_SecB,DMPA,SecB,M012-24
DMPA_SecB,DMPA,SecB,M027-24
DMPA_SecB,DMPA,SecB,M036-24
DMPA_SecB,DMPA,SecB,M056-24
DMPA_SecB,DMPA,SecB,M060-24
DMPA_SecB,DMPA,SecB,M064-24
DMPA_SecB,DMPA,SecB,M065-24
DMPA_SecB,DMPA,SecB,M102-24
DMPA_SecB,DMPA,SecB,M104-24
DMPA_SecB,DMPA,SecB,M143-24
DMPA_SecB,DMPA,SecB,M153-24
DMPA_SecB,DMPA,SecB,M154-24
DRV_SecA,DRV,SecA,IPM013-21
DRV_SecA,DRV,SecA,IPM029-21
DRV_SecA,DRV,SecA,IPM032-21
DRV_SecA,DRV,SecA,IPM060-21
DRV_SecA,DRV,SecA,IPM093-21
DRV_SecA,DRV,SecA,M005-24
DRV_SecA,DRV,SecA,M010-23
DRV_SecA,DRV,SecA,M018-24
DRV_SecA,DRV,SecA,M035-24
DRV_SecA,DRV,SecA,M037-24
DRV_SecA,DRV,SecA,M039-24
DRV_SecA,DRV,SecA,M040-24
DRV_SecA,DRV,SecA,M047-24
DRV_SecA,DRV,SecA,M052-24
DRV_SecA,DRV,SecA,M058-24
DRV_SecA,DRV,SecA,M060-24
DRV_SecA,DRV,SecA,M085-24
DRV_SecA,DRV,SecA,M093-24
DRV_SecA,DRV,SecA,M106-24
DRV_SecA,DRV,SecA,M113-24
DRV_SecA,DRV,SecA,M115-24
DRV_SecA,DRV,SecA,M120-24
DRV_SecA,DRV,SecA,M135-24
DRV_SecA,DRV,SecA,M138-24
DRV_SecA,DRV,SecA,M161-24
DRV_SecA,DRV,SecA,M172-24
DRV_SecA,DRV,SecA,M185-24
DRV_SecA,DRV,SecA,M189-24
DRV_SecA,DRV,SecA,M194-24
DRV_SecA,DRV,SecA,M195-24
DRV_SecA,DRV,SecA,M226-24
DRV_SecA,DRV,SecA,M236-24
DRV_SecA,DRV,SecA,M241-24
DRV_SecA,DRV,SecA,M243-24
DRV_SecA,DRV,SecA,M250-24
DRV_SecA,DRV,SecA,M257-24
DRV_SecA,DRV,SecA,M259-24
DRV_SecB,DRV,SecB,IPM018-21
DRV_SecB,DRV,SecB,IPM033-21
DRV_SecB,DRV,SecB,IPM043-21
DRV_SecB,DRV,SecB,IPM054-21
DRV_SecB,DRV,SecB,IPM071-21
DRV_SecB,DRV,SecB,IPM072-21
DRV_SecB,DRV,SecB,IPM073-21
DRV_SecB,DRV,SecB,IPM076-21
DRV_SecB,DRV,SecB,IPM085-21
DRV_SecB,DRV,SecB,IPM087-21
DRV_SecB,DRV,SecB,IPM112-21
DRV_SecB,DRV,SecB,IPM114-21
DRV_SecB,DRV,SecB,IPM115-21
DRV_SecB,DRV,SecB,M007-24
DRV_SecB,DRV,SecB,M024-24
DRV_SecB,DRV,SecB,M032-24
DRV_SecB,DRV,SecB,M056-24
DRV_SecB,DRV,SecB,M064-24
DRV_SecB,DRV,SecB,M074-24
DRV_SecB,DRV,SecB,M077-24
DRV_SecB,DRV,SecB,M104-24
DRV_SecB,DRV,SecB,M108-24
DRV_SecB,DRV,SecB,M131-24
DRV_SecB,DRV,SecB,M140-24
DRV_SecB,DRV,SecB,M162-24
DRV_SecB,DRV,SecB,M174-24
DRV_SecB,DRV,SecB,M188-24
DRV_SecB,DRV,SecB,M202-24
DRV_SecB,DRV,SecB,M218-24
DRV_SecB,DRV,SecB,M222-24
DRV_SecB,DRV,SecB,M224-24
DRV_SecB,DRV,SecB,M244-24
DRV_SecB,DRV,SecB,M254-24
DRV_SecB,DRV,SecB,M268-24
DRV_SecB,DRV,SecB,M271-24
DSMM_SecA,DSMM,SecA,BA004-23
DSMM_SecA,DSMM,SecA,BA009-24
DSMM_SecA,DSMM,SecA,BA017-24
DSMM_SecA,DSMM,SecA,BA023-24
DSMM_SecA,DSMM,SecA,BA024-24
DSMM_SecA,DSMM,SecA,BA031-24
DSMM_SecA,DSMM,SecA,BA035-24
DSMM_SecA,DSMM,SecA,BA042-24
DSMM_SecA,DSMM,SecA,BA050-24
DSMM_SecA,DSMM,SecA,IPM006-21
DSMM_SecA,DSMM,SecA,IPM009-21
DSMM_SecA,DSMM,SecA,IPM052-21
DSMM_SecA,DSMM,SecA,IPM053-21
DSMM_SecA,DSMM,SecA,IPM056-21
DSMM_SecA,DSMM,SecA,IPM058-21
DSMM_SecA,DSMM,SecA,IPM062-21
DSMM_SecA,DSMM,SecA,IPM070-21
DSMM_SecA,DSMM,SecA,IPM077-21
DSMM_SecA,DSMM,SecA,IPM078-21
DSMM_SecA,DSMM,SecA,IPM079-21
DSMM_SecA,DSMM,SecA,IPM081-21
DSMM_SecA,DSMM,SecA,IPM097-21
DSMM_SecA,DSMM,SecA,IPM100-21
DSMM_SecA,DSMM,SecA,IPM105-21
DSMM_SecA,DSMM,SecA,IPM122-21
DSMM_SecA,DSMM,SecA,IPM123-21
DSMM_SecA,DSMM,SecA,M004-24
DSMM_SecA,DSMM,SecA,M010-23
DSMM_SecA,DSMM,SecA,M015-24
DSMM_SecA,DSMM,SecA,M018-24
DSMM_SecA,DSMM,SecA,M020-24
DSMM_SecA,DSMM,SecA,M025-24
DSMM_SecA,DSMM,SecA,M029-24
DSMM_SecA,DSMM,SecA,M035-24
DSMM_SecA,DSMM,SecA,M039-24
DSMM_SecA,DSMM,SecA,M040-23
DSMM_SecA,DSMM,SecA,M040-24
DSMM_SecA,DSMM,SecA,M042-24
DSMM_SecA,DSMM,SecA,M043-24
DSMM_SecA,DSMM,SecA,M044-24
DSMM_SecA,DSMM,SecA,M070-24
DSMM_SecA,DSMM,SecA,M099-24
DSMM_SecA,DSMM,SecA,M103-24
DSMM_SecA,DSMM,SecA,M105-23
DSMM_SecA,DSMM,SecA,M106-24
DSMM_SecA,DSMM,SecA,M112-24
DSMM_SecA,DSMM,SecA,M114-24
DSMM_SecA,DSMM,SecA,M115-24
DSMM_SecA,DSMM,SecA,M123-24
DSMM_SecA,DSMM,SecA,M134-24
DSMM_SecA,DSMM,SecA,M135-24
DSMM_SecA,DSMM,SecA,M149-24
DSMM_SecA,DSMM,SecA,M150-24
DSMM_SecA,DSMM,SecA,M153-24
DSMM_SecA,DSMM,SecA,M169-24
DSMM_SecA,DSMM,SecA,M171-24
DSMM_SecA,DSMM,SecA,M189-24
DSMM_SecA,DSMM,SecA,M194-24
DSMM_SecA,DSMM,SecA,M198-24
DSMM_SecA,DSMM,SecA,M199-24
DSMM_SecA,DSMM,SecA,M200-24
DSMM_SecA,DSMM,SecA,M220-24
DSMM_SecA,DSMM,SecA,M221-24
DSMM_SecA,DSMM,SecA,M226-24
DSMM_SecA,DSMM,SecA,M238-24
DSMM_SecA,DSMM,SecA,M239-24
DSMM_SecA,DSMM,SecA,M258-24
DSMM_SecA,DSMM,SecA,M260-24
DSMM_SecA,DSMM,SecA,M263-24
DSMM_SecA,DSMM,SecA,M264-24
DSMM_SecB,DSMM,SecB,BA032-24
DSMM_SecB,DSMM,SecB,H042-24
DSMM_SecB,DSMM,SecB,H052-24
DSMM_SecB,DSMM,SecB,IPM002-21
DSMM_SecB,DSMM,SecB,IPM003-21
DSMM_SecB,DSMM,SecB,IPM008-21
DSMM_SecB,DSMM,SecB,IPM020-21
DSMM_SecB,DSMM,SecB,IPM023-21
DSMM_SecB,DSMM,SecB,IPM034-21
DSMM_SecB,DSMM,SecB,IPM037-21
DSMM_SecB,DSMM,SecB,IPM041-21
DSMM_SecB,DSMM,SecB,IPM050-21
DSMM_SecB,DSMM,SecB,IPM051-21
DSMM_SecB,DSMM,SecB,IPM057-21
DSMM_SecB,DSMM,SecB,IPM063-21
DSMM_SecB,DSMM,SecB,IPM094-21
DSMM_SecB,DSMM,SecB,IPM099-21
DSMM_SecB,DSMM,SecB,IPM102-21
DSMM_SecB,DSMM,SecB,IPM110-21
DSMM_SecB,DSMM,SecB,IPM117-21
DSMM_SecB,DSMM,SecB,M013-24
DSMM_SecB,DSMM,SecB,M016-24
DSMM_SecB,DSMM,SecB,M023-24
DSMM_SecB,DSMM,SecB,M031-24
DSMM_SecB,DSMM,SecB,M046-24
DSMM_SecB,DSMM,SecB,M049-24
DSMM_SecB,DSMM,SecB,M051-24
DSMM_SecB,DSMM,SecB,M053-24
DSMM_SecB,DSMM,SecB,M063-24
DSMM_SecB,DSMM,SecB,M066-24
DSMM_SecB,DSMM,SecB,M075-24
DSMM_SecB,DSMM,SecB,M082-24
DSMM_SecB,DSMM,SecB,M084-24
DSMM_SecB,DSMM,SecB,M089-24
DSMM_SecB,DSMM,SecB,M096-24
DSMM_SecB,DSMM,SecB,M099-23
DSMM_SecB,DSMM,SecB,M124-24
DSMM_SecB,DSMM,SecB,M125-23
DSMM_SecB,DSMM,SecB,M127-24
DSMM_SecB,DSMM,SecB,M128-24
DSMM_SecB,DSMM,SecB,M129-24
DSMM_SecB,DSMM,SecB,M133-24
DSMM_SecB,DSMM,SecB,M136-24
DSMM_SecB,DSMM,SecB,M144-24
DSMM_SecB,DSMM,SecB,M147-24
DSMM_SecB,DSMM,SecB,M149-23
DSMM_SecB,DSMM,SecB,M151-24
DSMM_SecB,DSMM,SecB,M163-24
DSMM_SecB,DSMM,SecB,M170-24
DSMM_SecB,DSMM,SecB,M180-24
DSMM_SecB,DSMM,SecB,M182-24
DSMM_SecB,DSMM,SecB,M186-23
DSMM_SecB,DSMM,SecB,M190-24
DSMM_SecB,DSMM,SecB,M191-24
DSMM_SecB,DSMM,SecB,M192-24
DSMM_SecB,DSMM,SecB,M209-24
DSMM_SecB,DSMM,SecB,M210-24
DSMM_SecB,DSMM,SecB,M211-24
DSMM_SecB,DSMM,SecB,M213-24
DSMM_SecB,DSMM,SecB,M216-24
DSMM_SecB,DSMM,SecB,M219-24
DSMM_SecB,DSMM,SecB,M228-24
DSMM_SecB,DSMM,SecB,M231-24
DSMM_SecB,DSMM,SecB,M242-24
DSMM_SecB,DSMM,SecB,M244-23
DSMM_SecB,DSMM,SecB,M247-24
DSMM_SecB,DSMM,SecB,M251-23
DSMM_SecB,DSMM,SecB,M256-24
DSMM_SecB,DSMM,SecB,M261-24
DSMM_SecB,DSMM,SecB,M265-24
DTI_SecA,DTI,SecA,BA002-24
DTI_SecA,DTI,SecA,BA006-24
DTI_SecA,DTI,SecA,BA008-24
DTI_SecA,DTI,SecA,BA011-24
DTI_SecA,DTI,SecA,BA019-24
DTI_SecA,DTI,SecA,BA038-24
DTI_SecA,DTI,SecA,IPM013-21
DTI_SecA,DTI,SecA,IPM029-21
DTI_SecA,DTI,SecA,IPM034-21
DTI_SecA,DTI,SecA,IPM039-21
DTI_SecA,DTI,SecA,IPM041-21
DTI_SecA,DTI,SecA,IPM050-21
DTI_SecA,DTI,SecA,IPM061-21
DTI_SecA,DTI,SecA,IPM070-21
DTI_SecA,DTI,SecA,IPM088-21
DTI_SecA,DTI,SecA,IPM093-21
DTI_SecA,DTI,SecA,IPM102-21
DTI_SecA,DTI,SecA,IPM117-21
DTI_SecA,DTI,SecA,M005-24
DTI_SecA,DTI,SecA,M007-24
DTI_SecA,DTI,SecA,M010-24
DTI_SecA,DTI,SecA,M013-24
DTI_SecA,DTI,SecA,M016-24
DTI_SecA,DTI,SecA,M031-24
DTI_SecA,DTI,SecA,M037-24
DTI_SecA,DTI,SecA,M040-23
DTI_SecA,DTI,SecA,M047-24
DTI_SecA,DTI,SecA,M055-24
DTI_SecA,DTI,SecA,M060-24
DTI_SecA,DTI,SecA,M063-24
DTI_SecA,DTI,SecA,M067-24
DTI_SecA,DTI,SecA,M102-24
DTI_SecA,DTI,SecA,M129-24
DTI_SecA,DTI,SecA,M131-24
DTI_SecA,DTI,SecA,M142-24
DTI_SecA,DTI,SecA,M145-24
DTI_SecA,DTI,SecA,M150-24
DTI_SecA,DTI,SecA,M152-24
DTI_SecA,DTI,SecA,M153-24
DTI_SecA,DTI,SecA,M157-24
DTI_SecA,DTI,SecA,M171-24
DTI_SecA,DTI,SecA,M177-24
DTI_SecA,DTI,SecA,M182-24
DTI_SecA,DTI,SecA,M184-24
DTI_SecA,DTI,SecA,M195-24
DTI_SecA,DTI,SecA,M196-24
DTI_SecA,DTI,SecA,M227-24
DTI_SecA,DTI,SecA,M230-24
DTI_SecA,DTI,SecA,M232-24
DTI_SecA,DTI,SecA,M239-24
DTI_SecA,DTI,SecA,M248-24
DTI_SecA,DTI,SecA,M269-24
DTI_SecB,DTI,SecB,H008-24
DTI_SecB,DTI,SecB,H031-24
DTI_SecB,DTI,SecB,H058-24
DTI_SecB,DTI,SecB,H083-23
DTI_SecB,DTI,SecB,IPM005-21
DTI_SecB,DTI,SecB,IPM022-21
DTI_SecB,DTI,SecB,IPM110-21
DTI_SecB,DTI,SecB,M011-24
DTI_SecB,DTI,SecB,M034-23
DTI_SecB,DTI,SecB,M045-24
DTI_SecB,DTI,SecB,M046-24
DTI_SecB,DTI,SecB,M051-24
DTI_SecB,DTI,SecB,M066-24
DTI_SecB,DTI,SecB,M073-24
DTI_SecB,DTI,SecB,M089-24
DTI_SecB,DTI,SecB,M110-24
DTI_SecB,DTI,SecB,M116-24
DTI_SecB,DTI,SecB,M122-24
DTI_SecB,DTI,SecB,M124-24
DTI_SecB,DTI,SecB,M125-24
DTI_SecB,DTI,SecB,M127-24
DTI_SecB,DTI,SecB,M128-24
DTI_SecB,DTI,SecB,M130-24
DTI_SecB,DTI,SecB,M132-24
DTI_SecB,DTI,SecB,M133-24
DTI_SecB,DTI,SecB,M137-24
DTI_SecB,DTI,SecB,M144-24
DTI_SecB,DTI,SecB,M146-24
DTI_SecB,DTI,SecB,M147-24
DTI_SecB,DTI,SecB,M151-24
DTI_SecB,DTI,SecB,M163-24
DTI_SecB,DTI,SecB,M164-24
DTI_SecB,DTI,SecB,M168-24
DTI_SecB,DTI,SecB,M171-23
DTI_SecB,DTI,SecB,M186-23
DTI_SecB,DTI,SecB,M190-24
DTI_SecB,DTI,SecB,M191-24
DTI_SecB,DTI,SecB,M208-23
DTI_SecB,DTI,SecB,M209-24
DTI_SecB,DTI,SecB,M215-24
DTI_SecB,DTI,SecB,M228-24
DTI_SecB,DTI,SecB,M229-24
DTI_SecB,DTI,SecB,M231-24
DTI_SecB,DTI,SecB,M234-24
DTI_SecB,DTI,SecB,M240-24
DTI_SecB,DTI,SecB,M244-23
DTI_SecB,DTI,SecB,M247-24
DTI_SecB,DTI,SecB,M255-24
DTI_SecB,DTI,SecB,M256-24
DTI_SecB,DTI,SecB,M265-24
DTI_SecB,DTI,SecB,M270-24
DT_SecA,DT,SecA,BA002-24
DT_SecA,DT,SecA,BA004-23
DT_SecA,DT,SecA,BA005-24
DT_SecA,DT,SecA,BA006-24
DT_SecA,DT,SecA,BA009-24
DT_SecA,DT,SecA,BA010-24
DT_SecA,DT,SecA,BA012-24
DT_SecA,DT,SecA,BA013-24
DT_SecA,DT,SecA,BA019-24
DT_SecA,DT,SecA,BA021-24
DT_SecA,DT,SecA,BA032-24
DT_SecA,DT,SecA,BA044-24
DT_SecA,DT,SecA,BA048-24
DT_SecA,DT,SecA,BA049-24
DT_SecA,DT,SecA,BA050-24
DT_SecA,DT,SecA,IPM003-21
DT_SecA,DT,SecA,IPM009-21
DT_SecA,DT,SecA,IPM034-21
DT_SecA,DT,SecA,IPM039-21
DT_SecA,DT,SecA,IPM041-21
DT_SecA,DT,SecA,IPM061-21
DT_SecA,DT,SecA,IPM080-21
DT_SecA,DT,SecA,IPM097-21
DT_SecA,DT,SecA,IPM102-21
DT_SecA,DT,SecA,M004-24
DT_SecA,DT,SecA,M006-24
DT_SecA,DT,SecA,M022-24
DT_SecA,DT,SecA,M023-24
DT_SecA,DT,SecA,M026-24
DT_SecA,DT,SecA,M040-23
DT_SecA,DT,SecA,M042-24
DT_SecA,DT,SecA,M068-24
DT_SecA,DT,SecA,M069-24
DT_SecA,DT,SecA,M075-24
DT_SecA,DT,SecA,M096-24
DT_SecA,DT,SecA,M097-24
DT_SecA,DT,SecA,M098-24
DT_SecA,DT,SecA,M099-24
DT_SecA,DT,SecA,M105-23
DT_SecA,DT,SecA,M105-24
DT_SecA,DT,SecA,M110-24
DT_SecA,DT,SecA,M114-24
DT_SecA,DT,SecA,M125-23
DT_SecA,DT,SecA,M141-24
DT_SecA,DT,SecA,M171-23
DT_SecA,DT,SecA,M178-24
DT_SecA,DT,SecA,M198-24
DT_SecA,DT,SecA,M200-23
DT_SecA,DT,SecA,M208-23
DT_SecA,DT,SecA,M213-24
DT_SecA,DT,SecA,M215-24
DT_SecA,DT,SecA,M219-24
DT_SecA,DT,SecA,M220-24
DT_SecA,DT,SecA,M249-23
DT_SecA,DT,SecA,M258-24
DT_SecA,DT,SecA,M260-24
DT_SecB,DT,SecB,BA003-24
DT_SecB,DT,SecB,BA004-24
DT_SecB,DT,SecB,BA007-24
DT_SecB,DT,SecB,BA008-24
DT_SecB,DT,SecB,BA011-24
DT_SecB,DT,SecB,BA014-24
DT_SecB,DT,SecB,BA015-24
DT_SecB,DT,SecB,BA017-24
DT_SecB,DT,SecB,BA018-24
DT_SecB,DT,SecB,BA020-24
DT_SecB,DT,SecB,BA022-24
DT_SecB,DT,SecB,BA025-24
DT_SecB,DT,SecB,BA026-24
DT_SecB,DT,SecB,BA028-24
DT_SecB,DT,SecB,BA029-24
DT_SecB,DT,SecB,BA030-24
DT_SecB,DT,SecB,BA033-24
DT_SecB,DT,SecB,BA035-24
DT_SecB,DT,SecB,BA036-24
DT_SecB,DT,SecB,BA037-24
DT_SecB,DT,SecB,BA038-24
DT_SecB,DT,SecB,BA039-24
DT_SecB,DT,SecB,BA040-24
DT_SecB,DT,SecB,BA041-24
DT_SecB,DT,SecB,BA042-24
DT_SecB,DT,SecB,BA043-24
DT_SecB,DT,SecB,BA046-24
DT_SecB,DT,SecB,BA047-24
DT_SecB,DT,SecB,BA051-24
DT_SecB,DT,SecB,BA052-24
DT_SecB,DT,SecB,BA054-24
DT_SecB,DT,SecB,BA055-24
DT_SecB,DT,SecB,IPM006-21
DT_SecB,DT,SecB,IPM048-21
DT_SecB,DT,SecB,IPM071-21
DT_SecB,DT,SecB,IPM072-21
DT_SecB,DT,SecB,IPM076-21
DT_SecB,DT,SecB,IPM085-21
DT_SecB,DT,SecB,M012-24
DT_SecB,DT,SecB,M015-24
DT_SecB,DT,SecB,M024-24
DT_SecB,DT,SecB,M027-24
DT_SecB,DT,SecB,M032-24
DT_SecB,DT,SecB,M035-24
DT_SecB,DT,SecB,M036-24
DT_SecB,DT,SecB,M060-24
DT_SecB,DT,SecB,M064-24
DT_SecB,DT,SecB,M095-24
DT_SecB,DT,SecB,M139-24
DT_SecB,DT,SecB,M143-24
DT_SecB,DT,SecB,M166-24
DT_SecB,DT,SecB,M197-24
DT_SecB,DT,SecB,M246-24
DT_SecB,DT,SecB,M268-24
DWDV,DWDV,Full,BA004-23
DWDV,DWDV,Full,BA004-24
DWDV,DWDV,Full,BA006-24
DWDV,DWDV,Full,BA007-24
DWDV,DWDV,Full,BA009-24
DWDV,DWDV,Full,BA014-24
DWDV,DWDV,Full,BA015-24
DWDV,DWDV,Full,BA017-24
DWDV,DWDV,Full,BA023-24
DWDV,DWDV,Full,BA024-24
DWDV,DWDV,Full,BA025-24
DWDV,DWDV,Full,BA026-24
DWDV,DWDV,Full,BA028-24
DWDV,DWDV,Full,BA029-24
DWDV,DWDV,Full,BA030-24
DWDV,DWDV,Full,BA031-24
DWDV,DWDV,Full,BA033-24
DWDV,DWDV,Full,BA035-24
DWDV,DWDV,Full,BA036-24
DWDV,DWDV,Full,BA037-24
DWDV,DWDV,Full,BA041-24
DWDV,DWDV,Full,BA042-24
DWDV,DWDV,Full,BA043-24
DWDV,DWDV,Full,BA046-24
DWDV,DWDV,Full,BA047-24
DWDV,DWDV,Full,BA050-24
DWDV,DWDV,Full,BA051-24
DWDV,DWDV,Full,BA052-24
DWDV,DWDV,Full,BA054-24
DWDV,DWDV,Full,BA055-24
DWDV,DWDV,Full,IPM003-21
DWDV,DWDV,Full,IPM044-21
DWDV,DWDV,Full,IPM056-21
DWDV,DWDV,Full,IPM058-21
DWDV,DWDV,Full,IPM070-21
DWDV,DWDV,Full,IPM076-21
DWDV,DWDV,Full,IPM081-21
DWDV,DWDV,Full,IPM114-21
DWDV,DWDV,Full,IPM117-21
DWDV,DWDV,Full,IPM118-21
DWDV,DWDV,Full,M012-24
DWDV,DWDV,Full,M017-24
DWDV,DWDV,Full,M020-24
DWDV,DWDV,Full,M025-24
DWDV,DWDV,Full,M026-24
DWDV,DWDV,Full,M027-24
DWDV,DWDV,Full,M029-24
DWDV,DWDV,Full,M036-24
DWDV,DWDV,Full,M040-23
DWDV,DWDV,Full,M070-24
DWDV,DWDV,Full,M074-24
DWDV,DWDV,Full,M075-24
DWDV,DWDV,Full,M097-24
DWDV,DWDV,Full,M099-24
DWDV,DWDV,Full,M112-24
DWDV,DWDV,Full,M133-24
DWDV,DWDV,Full,M139-24
DWDV,DWDV,Full,M143-24
DWDV,DWDV,Full,M153-24
DWDV,DWDV,Full,M163-24
DWDV,DWDV,Full,M166-24
DWDV,DWDV,Full,M174-24
DWDV,DWDV,Full,M188-24
DWDV,DWDV,Full,M197-24
DWDV,DWDV,Full,M214-24
DWDV,DWDV,Full,M220-24
DWDV,DWDV,Full,M223-24
DWDV,DWDV,Full,M246-24
DWDV,DWDV,Full,M262-24
DWDV,DWDV,Full,M269-24
EMPP_SecA,EMPP,SecA,BA012-24
EMPP_SecA,EMPP,SecA,H002-24
EMPP_SecA,EMPP,SecA,H008-24
EMPP_SecA,EMPP,SecA,H011-24
EMPP_SecA,EMPP,SecA,H026-24
EMPP_SecA,EMPP,SecA,H030-24
EMPP_SecA,EMPP,SecA,H031-24
EMPP_SecA,EMPP,SecA,H042-24
EMPP_SecA,EMPP,SecA,H047-24
EMPP_SecA,EMPP,SecA,H052-24
EMPP_SecA,EMPP,SecA,H056-24
EMPP_SecA,EMPP,SecA,H058-24
EMPP_SecA,EMPP,SecA,H072-23
EMPP_SecA,EMPP,SecA,H077-23
EMPP_SecA,EMPP,SecA,H083-23
EMPP_SecA,EMPP,SecA,IPM008-21
EMPP_SecA,EMPP,SecA,IPM013-21
EMPP_SecA,EMPP,SecA,IPM022-21
EMPP_SecA,EMPP,SecA,IPM107-21
EMPP_SecA,EMPP,SecA,M014-24
EMPP_SecA,EMPP,SecA,M019-24
EMPP_SecA,EMPP,SecA,M026-24
EMPP_SecA,EMPP,SecA,M034-23
EMPP_SecA,EMPP,SecA,M038-24
EMPP_SecA,EMPP,SecA,M049-23
EMPP_SecA,EMPP,SecA,M071-24
EMPP_SecA,EMPP,SecA,M076-24
EMPP_SecA,EMPP,SecA,M082-24
EMPP_SecA,EMPP,SecA,M083-24
EMPP_SecA,EMPP,SecA,M107-24
EMPP_SecA,EMPP,SecA,M124-24
EMPP_SecA,EMPP,SecA,M125-23
EMPP_SecA,EMPP,SecA,M127-24
EMPP_SecA,EMPP,SecA,M130-24
EMPP_SecA,EMPP,SecA,M136-24
EMPP_SecA,EMPP,SecA,M137-24
EMPP_SecA,EMPP,SecA,M144-24
EMPP_SecA,EMPP,SecA,M149-23
EMPP_SecA,EMPP,SecA,M151-24
EMPP_SecA,EMPP,SecA,M165-24
EMPP_SecA,EMPP,SecA,M171-23
EMPP_SecA,EMPP,SecA,M190-24
EMPP_SecA,EMPP,SecA,M193-24
EMPP_SecA,EMPP,SecA,M200-23
EMPP_SecA,EMPP,SecA,M208-23
EMPP_SecA,EMPP,SecA,M211-24
EMPP_SecA,EMPP,SecA,M213-24
EMPP_SecA,EMPP,SecA,M244-23
EMPP_SecA,EMPP,SecA,M270-24
EMPP_SecB,EMPP,SecB,H001-24
EMPP_SecB,EMPP,SecB,H003-24
EMPP_SecB,EMPP,SecB,H004-23
EMPP_SecB,EMPP,SecB,H004-24
EMPP_SecB,EMPP,SecB,H005-24
EMPP_SecB,EMPP,SecB,H006-24
EMPP_SecB,EMPP,SecB,H007-24
EMPP_SecB,EMPP,SecB,H009-24
EMPP_SecB,EMPP,SecB,H010-24
EMPP_SecB,EMPP,SecB,H012-24
EMPP_SecB,EMPP,SecB,H014-24
EMPP_SecB,EMPP,SecB,H015-24
EMPP_SecB,EMPP,SecB,H016-24
EMPP_SecB,EMPP,SecB,H017-24
EMPP_SecB,EMPP,SecB,H018-24
EMPP_SecB,EMPP,SecB,H019-24
EMPP_SecB,EMPP,SecB,H020-24
EMPP_SecB,EMPP,SecB,H021-24
EMPP_SecB,EMPP,SecB,H022-24
EMPP_SecB,EMPP,SecB,H023-24
EMPP_SecB,EMPP,SecB,H025-24
EMPP_SecB,EMPP,SecB,H027-24
EMPP_SecB,EMPP,SecB,H028-24
EMPP_SecB,EMPP,SecB,H029-24
EMPP_SecB,EMPP,SecB,H030-23
EMPP_SecB,EMPP,SecB,H032-24
EMPP_SecB,EMPP,SecB,H034-24
EMPP_SecB,EMPP,SecB,H035-24
EMPP_SecB,EMPP,SecB,H036-24
EMPP_SecB,EMPP,SecB,H037-24
EMPP_SecB,EMPP,SecB,H038-24
EMPP_SecB,EMPP,SecB,H039-24
EMPP_SecB,EMPP,SecB,H040-24
EMPP_SecB,EMPP,SecB,H041-24
EMPP_SecB,EMPP,SecB,H043-24
EMPP_SecB,EMPP,SecB,H044-24
EMPP_SecB,EMPP,SecB,H045-24
EMPP_SecB,EMPP,SecB,H046-24
EMPP_SecB,EMPP,SecB,H048-24
EMPP_SecB,EMPP,SecB,H049-23
EMPP_SecB,EMPP,SecB,H049-24
EMPP_SecB,EMPP,SecB,H050-24
EMPP_SecB,EMPP,SecB,H051-24
EMPP_SecB,EMPP,SecB,H053-24
EMPP_SecB,EMPP,SecB,H055-24
EMPP_SecB,EMPP,SecB,H057-24
EMPP_SecB,EMPP,SecB,H059-24
EMPP_SecB,EMPP,SecB,H085-23
FIS_SecA,FIS,SecA,BA003-24
FIS_SecA,FIS,SecA,BA008-24
FIS_SecA,FIS,SecA,BA018-24
FIS_SecA,FIS,SecA,BA022-24
FIS_SecA,FIS,SecA,BA024-24
FIS_SecA,FIS,SecA,BA028-24
FIS_SecA,FIS,SecA,BA030-24
FIS_SecA,FIS,SecA,BA031-24
FIS_SecA,FIS,SecA,BA039-24
FIS_SecA,FIS,SecA,BA040-24
FIS_SecA,FIS,SecA,BA043-24
FIS_SecA,FIS,SecA,IPM021-21
FIS_SecA,FIS,SecA,IPM033-21
FIS_SecA,FIS,SecA,IPM048-21
FIS_SecA,FIS,SecA,IPM071-21
FIS_SecA,FIS,SecA,IPM072-21
FIS_SecA,FIS,SecA,IPM073-21
FIS_SecA,FIS,SecA,IPM076-21
FIS_SecA,FIS,SecA,IPM079-21
FIS_SecA,FIS,SecA,IPM085-21
FIS_SecA,FIS,SecA,IPM087-21
FIS_SecA,FIS,SecA,IPM093-21
FIS_SecA,FIS,SecA,IPM114-21
FIS_SecA,FIS,SecA,IPM122-21
FIS_SecA,FIS,SecA,M002-24
FIS_SecA,FIS,SecA,M013-24
FIS_SecA,FIS,SecA,M017-24
FIS_SecA,FIS,SecA,M020-24
FIS_SecA,FIS,SecA,M025-24
FIS_SecA,FIS,SecA,M029-24
FIS_SecA,FIS,SecA,M036-24
FIS_SecA,FIS,SecA,M040-24
FIS_SecA,FIS,SecA,M053-24
FIS_SecA,FIS,SecA,M060-24
FIS_SecA,FIS,SecA,M064-24
FIS_SecA,FIS,SecA,M065-24
FIS_SecA,FIS,SecA,M102-24
FIS_SecA,FIS,SecA,M104-24
FIS_SecA,FIS,SecA,M152-24
FIS_SecA,FIS,SecA,M164-24
FIS_SecA,FIS,SecA,M171-23
FIS_SecA,FIS,SecA,M173-24
FIS_SecA,FIS,SecA,M174-24
FIS_SecA,FIS,SecA,M175-24
FIS_SecA,FIS,SecA,M199-24
FIS_SecA,FIS,SecA,M202-24
FIS_SecA,FIS,SecA,M211-24
FIS_SecA,FIS,SecA,M223-24
FIS_SecA,FIS,SecA,M225-24
FIS_SecA,FIS,SecA,M226-24
FIS_SecA,FIS,SecA,M227-24
FIS_SecA,FIS,SecA,M235-24
FIS_SecA,FIS,SecA,M239-24
FIS_SecA,FIS,SecA,M254-24
FIS_SecA,FIS,SecA,M267-24
FIS_SecA,FIS,SecA,M268-24
FIS_SecB,FIS,SecB,BA026-24
FIS_SecB,FIS,SecB,IPM018-21
FIS_SecB,FIS,SecB,IPM029-21
FIS_SecB,FIS,SecB,IPM043-21
FIS_SecB,FIS,SecB,IPM054-21
FIS_SecB,FIS,SecB,IPM060-21
FIS_SecB,FIS,SecB,IPM077-21
FIS_SecB,FIS,SecB,IPM105-21
FIS_SecB,FIS,SecB,IPM112-21
FIS_SecB,FIS,SecB,IPM115-21
FIS_SecB,FIS,SecB,M007-24
FIS_SecB,FIS,SecB,M024-24
FIS_SecB,FIS,SecB,M030-24
FIS_SecB,FIS,SecB,M032-24
FIS_SecB,FIS,SecB,M037-24
FIS_SecB,FIS,SecB,M039-24
FIS_SecB,FIS,SecB,M047-24
FIS_SecB,FIS,SecB,M052-24
FIS_SecB,FIS,SecB,M056-24
FIS_SecB,FIS,SecB,M072-24
FIS_SecB,FIS,SecB,M074-24
FIS_SecB,FIS,SecB,M077-24
FIS_SecB,FIS,SecB,M079-24
FIS_SecB,FIS,SecB,M083-24
FIS_SecB,FIS,SecB,M085-24
FIS_SecB,FIS,SecB,M090-24
FIS_SecB,FIS,SecB,M106-24
FIS_SecB,FIS,SecB,M108-24
FIS_SecB,FIS,SecB,M113-24
FIS_SecB,FIS,SecB,M115-24
FIS_SecB,FIS,SecB,M120-24
FIS_SecB,FIS,SecB,M131-24
FIS_SecB,FIS,SecB,M135-24
FIS_SecB,FIS,SecB,M138-24
FIS_SecB,FIS,SecB,M140-24
FIS_SecB,FIS,SecB,M161-24
FIS_SecB,FIS,SecB,M162-24
FIS_SecB,FIS,SecB,M172-24
FIS_SecB,FIS,SecB,M185-24
FIS_SecB,FIS,SecB,M188-24
FIS_SecB,FIS,SecB,M189-24
FIS_SecB,FIS,SecB,M194-24
FIS_SecB,FIS,SecB,M195-24
FIS_SecB,FIS,SecB,M201-24
FIS_SecB,FIS,SecB,M203-24
FIS_SecB,FIS,SecB,M218-24
FIS_SecB,FIS,SecB,M222-24
FIS_SecB,FIS,SecB,M224-24
FIS_SecB,FIS,SecB,M236-24
FIS_SecB,FIS,SecB,M237-24
FIS_SecB,FIS,SecB,M241-24
FIS_SecB,FIS,SecB,M243-24
FIS_SecB,FIS,SecB,M244-24
FIS_SecB,FIS,SecB,M245-24
FIS_SecB,FIS,SecB,M250-24
FIS_SecB,FIS,SecB,M257-24
FIS_SecB,FIS,SecB,M259-24
FIS_SecB,FIS,SecB,M266-24
GMRM,GMRM,Full,H001-24
GMRM,GMRM,Full,H002-24
GMRM,GMRM,Full,H003-24
GMRM,GMRM,Full,H004-23
GMRM,GMRM,Full,H004-24
GMRM,GMRM,Full,H005-24
GMRM,GMRM,Full,H006-24
GMRM,GMRM,Full,H007-24
GMRM,GMRM,Full,H008-24
GMRM,GMRM,Full,H009-24
GMRM,GMRM,Full,H010-24
GMRM,GMRM,Full,H011-24
GMRM,GMRM,Full,H012-24
GMRM,GMRM,Full,H014-24
GMRM,GMRM,Full,H015-24
GMRM,GMRM,Full,H016-24
GMRM,GMRM,Full,H017-24
GMRM,GMRM,Full,H018-24
GMRM,GMRM,Full,H019-24
GMRM,GMRM,Full,H020-24
GMRM,GMRM,Full,H021-24
GMRM,GMRM,Full,H022-24
GMRM,GMRM,Full,H023-24
GMRM,GMRM,Full,H025-24
GMRM,GMRM,Full,H026-24
GMRM,GMRM,Full,H027-24
GMRM,GMRM,Full,H028-24
GMRM,GMRM,Full,H029-24
GMRM,GMRM,Full,H030-23
GMRM,GMRM,Full,H030-24
GMRM,GMRM,Full,H031-24
GMRM,GMRM,Full,H032-24
GMRM,GMRM,Full,H034-24
GMRM,GMRM,Full,H035-24
GMRM,GMRM,Full,H036-24
GMRM,GMRM,Full,H037-24
GMRM,GMRM,Full,H038-24
GMRM,GMRM,Full,H039-24
GMRM,GMRM,Full,H040-24
GMRM,GMRM,Full,H041-24
GMRM,GMRM,Full,H042-24
GMRM,GMRM,Full,H043-24
GMRM,GMRM,Full,H044-24
GMRM,GMRM,Full,H045-24
GMRM,GMRM,Full,H046-24
GMRM,GMRM,Full,H047-24
GMRM,GMRM,Full,H048-24
GMRM,GMRM,Full,H049-23
GMRM,GMRM,Full,H049-24
GMRM,GMRM,Full,H050-24
GMRM,GMRM,Full,H051-24
GMRM,GMRM,Full,H052-24
GMRM,GMRM,Full,H053-24
GMRM,GMRM,Full,H055-24
GMRM,GMRM,Full,H056-24
GMRM,GMRM,Full,H057-24
GMRM,GMRM,Full,H058-24
GMRM,GMRM,Full,H059-24
GMRM,GMRM,Full,H072-23
GMRM,GMRM,Full,H077-23
GMRM,GMRM,Full,H083-23
GMRM,GMRM,Full,H085-23
GMRM,GMRM,Full,IPM005-21
GMRM,GMRM,Full,M146-24
GMRM,GMRM,Full,M193-24
GMRM,GMRM,Full,M209-24
IMC_SecA,IMC,SecA,BA012-24
IMC_SecA,IMC,SecA,BA013-24
IMC_SecA,IMC,SecA,BA019-24
IMC_SecA,IMC,SecA,BA044-24
IMC_SecA,IMC,SecA,BA050-24
IMC_SecA,IMC,SecA,IPM003-21
IMC_SecA,IMC,SecA,IPM008-21
IMC_SecA,IMC,SecA,IPM011-21
IMC_SecA,IMC,SecA,IPM023-21
IMC_SecA,IMC,SecA,IPM050-21
IMC_SecA,IMC,SecA,IPM051-21
IMC_SecA,IMC,SecA,IPM052-21
IMC_SecA,IMC,SecA,IPM056-21
IMC_SecA,IMC,SecA,IPM063-21
IMC_SecA,IMC,SecA,IPM067-21
IMC_SecA,IMC,SecA,IPM081-21
IMC_SecA,IMC,SecA,IPM099-21
IMC_SecA,IMC,SecA,IPM102-21
IMC_SecA,IMC,SecA,IPM110-21
IMC_SecA,IMC,SecA,M006-24
IMC_SecA,IMC,SecA,M019-24
IMC_SecA,IMC,SecA,M022-24
IMC_SecA,IMC,SecA,M023-24
IMC_SecA,IMC,SecA,M034-23
IMC_SecA,IMC,SecA,M042-24
IMC_SecA,IMC,SecA,M046-24
IMC_SecA,IMC,SecA,M051-24
IMC_SecA,IMC,SecA,M057-24
IMC_SecA,IMC,SecA,M063-24
IMC_SecA,IMC,SecA,M066-24
IMC_SecA,IMC,SecA,M070-24
IMC_SecA,IMC,SecA,M073-24
IMC_SecA,IMC,SecA,M075-24
IMC_SecA,IMC,SecA,M082-24
IMC_SecA,IMC,SecA,M084-24
IMC_SecA,IMC,SecA,M099-23
IMC_SecA,IMC,SecA,M105-23
IMC_SecA,IMC,SecA,M107-24
IMC_SecA,IMC,SecA,M112-24
IMC_SecA,IMC,SecA,M116-24
IMC_SecA,IMC,SecA,M121-24
IMC_SecA,IMC,SecA,M127-24
IMC_SecA,IMC,SecA,M128-24
IMC_SecA,IMC,SecA,M130-24
IMC_SecA,IMC,SecA,M132-24
IMC_SecA,IMC,SecA,M133-24
IMC_SecA,IMC,SecA,M136-24
IMC_SecA,IMC,SecA,M137-24
IMC_SecA,IMC,SecA,M149-23
IMC_SecA,IMC,SecA,M151-24
IMC_SecA,IMC,SecA,M163-24
IMC_SecA,IMC,SecA,M169-24
IMC_SecA,IMC,SecA,M180-24
IMC_SecA,IMC,SecA,M191-24
IMC_SecA,IMC,SecA,M198-24
IMC_SecA,IMC,SecA,M213-24
IMC_SecA,IMC,SecA,M216-24
IMC_SecA,IMC,SecA,M247-24
IMC_SecA,IMC,SecA,M251-23
IMC_SecA,IMC,SecA,M256-24
IMC_SecA,IMC,SecA,M270-24
IMC_SecB,IMC,SecB,BA026-24
IMC_SecB,IMC,SecB,BA046-24
IMC_SecB,IMC,SecB,H026-24
IMC_SecB,IMC,SecB,IPM005-21
IMC_SecB,IMC,SecB,IPM016-21
IMC_SecB,IMC,SecB,IPM040-21
IMC_SecB,IMC,SecB,IPM043-21
IMC_SecB,IMC,SecB,IPM045-21
IMC_SecB,IMC,SecB,IPM054-21
IMC_SecB,IMC,SecB,IPM071-21
IMC_SecB,IMC,SecB,IPM079-21
IMC_SecB,IMC,SecB,IPM080-21
IMC_SecB,IMC,SecB,IPM116-21
IMC_SecB,IMC,SecB,IPM122-21
IMC_SecB,IMC,SecB,IPM128-21
IMC_SecB,IMC,SecB,M003-24
IMC_SecB,IMC,SecB,M011-24
IMC_SecB,IMC,SecB,M016-24
IMC_SecB,IMC,SecB,M017-24
IMC_SecB,IMC,SecB,M030-24
IMC_SecB,IMC,SecB,M034-24
IMC_SecB,IMC,SecB,M041-24
IMC_SecB,IMC,SecB,M045-24
IMC_SecB,IMC,SecB,M049-23
IMC_SecB,IMC,SecB,M058-24
IMC_SecB,IMC,SecB,M067-24
IMC_SecB,IMC,SecB,M069-24
IMC_SecB,IMC,SecB,M071-24
IMC_SecB,IMC,SecB,M072-24
IMC_SecB,IMC,SecB,M074-24
IMC_SecB,IMC,SecB,M076-24
IMC_SecB,IMC,SecB,M090-24
IMC_SecB,IMC,SecB,M095-24
IMC_SecB,IMC,SecB,M097-24
IMC_SecB,IMC,SecB,M098-24
IMC_SecB,IMC,SecB,M111-24
IMC_SecB,IMC,SecB,M125-24
IMC_SecB,IMC,SecB,M129-24
IMC_SecB,IMC,SecB,M131-24
IMC_SecB,IMC,SecB,M147-24
IMC_SecB,IMC,SecB,M150-24
IMC_SecB,IMC,SecB,M152-24
IMC_SecB,IMC,SecB,M155-24
IMC_SecB,IMC,SecB,M159-24
IMC_SecB,IMC,SecB,M161-24
IMC_SecB,IMC,SecB,M162-24
IMC_SecB,IMC,SecB,M168-24
IMC_SecB,IMC,SecB,M173-24
IMC_SecB,IMC,SecB,M174-24
IMC_SecB,IMC,SecB,M176-24
IMC_SecB,IMC,SecB,M182-24
IMC_SecB,IMC,SecB,M185-24
IMC_SecB,IMC,SecB,M205-24
IMC_SecB,IMC,SecB,M208-24
IMC_SecB,IMC,SecB,M209-24
IMC_SecB,IMC,SecB,M215-24
IMC_SecB,IMC,SecB,M222-24
IMC_SecB,IMC,SecB,M246-24
IMC_SecB,IMC,SecB,M249-24
IMC_SecB,IMC,SecB,M253-24
IMC_SecB,IMC,SecB,M268-24
IMKT_SecA,IMKT,SecA,BA012-24
IMKT_SecA,IMKT,SecA,BA044-24
IMKT_SecA,IMKT,SecA,H011-24
IMKT_SecA,IMKT,SecA,H047-24
IMKT_SecA,IMKT,SecA,IPM002-21
IMKT_SecA,IMKT,SecA,IPM011-21
IMKT_SecA,IMKT,SecA,IPM015-21
IMKT_SecA,IMKT,SecA,IPM016-21
IMKT_SecA,IMKT,SecA,IPM023-21
IMKT_SecA,IMKT,SecA,IPM034-21
IMKT_SecA,IMKT,SecA,IPM039-21
IMKT_SecA,IMKT,SecA,IPM045-21
IMKT_SecA,IMKT,SecA,IPM051-21
IMKT_SecA,IMKT,SecA,IPM057-21
IMKT_SecA,IMKT,SecA,IPM061-21
IMKT_SecA,IMKT,SecA,IPM088-21
IMKT_SecA,IMKT,SecA,IPM094-21
IMKT_SecA,IMKT,SecA,IPM102-21
IMKT_SecA,IMKT,SecA,IPM117-21
IMKT_SecA,IMKT,SecA,M001-24
IMKT_SecA,IMKT,SecA,M010-23
IMKT_SecA,IMKT,SecA,M010-24
IMKT_SecA,IMKT,SecA,M013-24
IMKT_SecA,IMKT,SecA,M023-24
IMKT_SecA,IMKT,SecA,M046-24
IMKT_SecA,IMKT,SecA,M048-24
IMKT_SecA,IMKT,SecA,M049-23
IMKT_SecA,IMKT,SecA,M049-24
IMKT_SecA,IMKT,SecA,M055-24
IMKT_SecA,IMKT,SecA,M057-24
IMKT_SecA,IMKT,SecA,M067-24
IMKT_SecA,IMKT,SecA,M073-24
IMKT_SecA,IMKT,SecA,M105-24
IMKT_SecA,IMKT,SecA,M116-24
IMKT_SecA,IMKT,SecA,M124-24
IMKT_SecA,IMKT,SecA,M126-24
IMKT_SecA,IMKT,SecA,M130-24
IMKT_SecA,IMKT,SecA,M132-24
IMKT_SecA,IMKT,SecA,M137-24
IMKT_SecA,IMKT,SecA,M144-24
IMKT_SecA,IMKT,SecA,M145-24
IMKT_SecA,IMKT,SecA,M159-24
IMKT_SecA,IMKT,SecA,M165-24
IMKT_SecA,IMKT,SecA,M170-24
IMKT_SecA,IMKT,SecA,M180-24
IMKT_SecA,IMKT,SecA,M184-24
IMKT_SecA,IMKT,SecA,M186-23
IMKT_SecA,IMKT,SecA,M190-24
IMKT_SecA,IMKT,SecA,M200-23
IMKT_SecA,IMKT,SecA,M209-24
IMKT_SecA,IMKT,SecA,M215-24
IMKT_SecA,IMKT,SecA,M217-24
IMKT_SecA,IMKT,SecA,M221-24
IMKT_SecA,IMKT,SecA,M229-24
IMKT_SecA,IMKT,SecA,M230-24
IMKT_SecA,IMKT,SecA,M232-24
IMKT_SecA,IMKT,SecA,M240-24
IMKT_SecA,IMKT,SecA,M248-24
IMKT_SecA,IMKT,SecA,M251-23
IMKT_SecA,IMKT,SecA,M251-24
IMKT_SecA,IMKT,SecA,M255-24
IMKT_SecA,IMKT,SecA,M261-24
IMKT_SecB,IMKT,SecB,BA003-24
IMKT_SecB,IMKT,SecB,BA004-24
IMKT_SecB,IMKT,SecB,BA007-24
IMKT_SecB,IMKT,SecB,BA010-24
IMKT_SecB,IMKT,SecB,BA014-24
IMKT_SecB,IMKT,SecB,BA015-24
IMKT_SecB,IMKT,SecB,BA022-24
IMKT_SecB,IMKT,SecB,BA024-24
IMKT_SecB,IMKT,SecB,BA025-24
IMKT_SecB,IMKT,SecB,BA026-24
IMKT_SecB,IMKT,SecB,BA028-24
IMKT_SecB,IMKT,SecB,BA029-24
IMKT_SecB,IMKT,SecB,BA030-24
IMKT_SecB,IMKT,SecB,BA033-24
IMKT_SecB,IMKT,SecB,BA035-24
IMKT_SecB,IMKT,SecB,BA036-24
IMKT_SecB,IMKT,SecB,BA037-24
IMKT_SecB,IMKT,SecB,BA039-24
IMKT_SecB,IMKT,SecB,BA040-24
IMKT_SecB,IMKT,SecB,BA041-24
IMKT_SecB,IMKT,SecB,BA043-24
IMKT_SecB,IMKT,SecB,BA047-24
IMKT_SecB,IMKT,SecB,BA048-24
IMKT_SecB,IMKT,SecB,BA049-24
IMKT_SecB,IMKT,SecB,BA052-24
IMKT_SecB,IMKT,SecB,BA054-24
IMKT_SecB,IMKT,SecB,BA055-24
IMKT_SecB,IMKT,SecB,IPM020-21
IMKT_SecB,IMKT,SecB,IPM033-21
IMKT_SecB,IMKT,SecB,IPM041-21
IMKT_SecB,IMKT,SecB,IPM048-21
IMKT_SecB,IMKT,SecB,IPM053-21
IMKT_SecB,IMKT,SecB,IPM073-21
IMKT_SecB,IMKT,SecB,IPM087-21
IMKT_SecB,IMKT,SecB,IPM112-21
IMKT_SecB,IMKT,SecB,IPM114-21
IMKT_SecB,IMKT,SecB,IPM118-21
IMKT_SecB,IMKT,SecB,M085-24
IMKT_SecB,IMKT,SecB,M093-24
IMKT_SecB,IMKT,SecB,M096-24
IMKT_SecB,IMKT,SecB,M102-24
IMKT_SecB,IMKT,SecB,M152-24
IMKT_SecB,IMKT,SecB,M154-24
IMKT_SecB,IMKT,SecB,M157-24
IMKT_SecB,IMKT,SecB,M172-24
IMKT_SecB,IMKT,SecB,M175-24
IMKT_SecB,IMKT,SecB,M189-24
IMKT_SecB,IMKT,SecB,M203-24
IMKT_SecB,IMKT,SecB,M204-24
IMKT_SecB,IMKT,SecB,M205-24
IMKT_SecB,IMKT,SecB,M214-24
IMKT_SecB,IMKT,SecB,M225-24
IMKT_SecB,IMKT,SecB,M227-24
IMKT_SecB,IMKT,SecB,M235-24
IMKT_SecB,IMKT,SecB,M237-24
IMKT_SecB,IMKT,SecB,M249-23
IMKT_SecB,IMKT,SecB,M254-24
IMKT_SecB,IMKT,SecB,M257-24
IMKT_SecB,IMKT,SecB,M258-24
IMKT_SecB,IMKT,SecB,M267-24
IMKT_SecB,IMKT,SecB,M268-24
IMKT_SecB,IMKT,SecB,M271-24
IM_SecA,IM,SecA,BA008-24
IM_SecA,IM,SecA,BA018-24
IM_SecA,IM,SecA,IPM018-21
IM_SecA,IM,SecA,IPM029-21
IM_SecA,IM,SecA,IPM033-21
IM_SecA,IM,SecA,IPM043-21
IM_SecA,IM,SecA,IPM054-21
IM_SecA,IM,SecA,IPM060-21
IM_SecA,IM,SecA,IPM114-21
IM_SecA,IM,SecA,M003-24
IM_SecA,IM,SecA,M024-24
IM_SecA,IM,SecA,M035-24
IM_SecA,IM,SecA,M040-24
IM_SecA,IM,SecA,M047-24
IM_SecA,IM,SecA,M052-24
IM_SecA,IM,SecA,M065-24
IM_SecA,IM,SecA,M085-24
IM_SecA,IM,SecA,M102-24
IM_SecA,IM,SecA,M113-24
IM_SecA,IM,SecA,M115-24
IM_SecA,IM,SecA,M118-24
IM_SecA,IM,SecA,M120-24
IM_SecA,IM,SecA,M126-24
IM_SecA,IM,SecA,M131-24
IM_SecA,IM,SecA,M135-24
IM_SecA,IM,SecA,M138-24
IM_SecA,IM,SecA,M140-24
IM_SecA,IM,SecA,M152-24
IM_SecA,IM,SecA,M157-24
IM_SecA,IM,SecA,M161-24
IM_SecA,IM,SecA,M162-24
IM_SecA,IM,SecA,M174-24
IM_SecA,IM,SecA,M175-24
IM_SecA,IM,SecA,M177-24
IM_SecA,IM,SecA,M185-24
IM_SecA,IM,SecA,M188-24
IM_SecA,IM,SecA,M189-24
IM_SecA,IM,SecA,M194-24
IM_SecA,IM,SecA,M195-24
IM_SecA,IM,SecA,M199-24
IM_SecA,IM,SecA,M218-24
IM_SecA,IM,SecA,M222-24
IM_SecA,IM,SecA,M224-24
IM_SecA,IM,SecA,M225-24
IM_SecA,IM,SecA,M226-24
IM_SecA,IM,SecA,M227-24
IM_SecA,IM,SecA,M241-24
IM_SecA,IM,SecA,M243-24
IM_SecA,IM,SecA,M244-24
IM_SecA,IM,SecA,M254-24
IM_SecA,IM,SecA,M259-24
IM_SecA,IM,SecA,M267-24
IM_SecA,IM,SecA,M268-24
IM_SecB,IM,SecB,BA020-24
IM_SecB,IM,SecB,BA023-24
IM_SecB,IM,SecB,BA025-24
IM_SecB,IM,SecB,BA036-24
IM_SecB,IM,SecB,BA038-24
IM_SecB,IM,SecB,BA051-24
IM_SecB,IM,SecB,BA052-24
IM_SecB,IM,SecB,IPM017-21
IM_SecB,IM,SecB,IPM021-21
IM_SecB,IM,SecB,IPM032-21
IM_SecB,IM,SecB,IPM048-21
IM_SecB,IM,SecB,IPM072-21
IM_SecB,IM,SecB,IPM073-21
IM_SecB,IM,SecB,IPM076-21
IM_SecB,IM,SecB,IPM077-21
IM_SecB,IM,SecB,IPM085-21
IM_SecB,IM,SecB,IPM088-21
IM_SecB,IM,SecB,IPM105-21
IM_SecB,IM,SecB,IPM112-21
IM_SecB,IM,SecB,IPM115-21
IM_SecB,IM,SecB,M007-24
IM_SecB,IM,SecB,M015-24
IM_SecB,IM,SecB,M016-24
IM_SecB,IM,SecB,M018-24
IM_SecB,IM,SecB,M027-24
IM_SecB,IM,SecB,M030-24
IM_SecB,IM,SecB,M032-24
IM_SecB,IM,SecB,M034-24
IM_SecB,IM,SecB,M037-24
IM_SecB,IM,SecB,M039-24
IM_SecB,IM,SecB,M056-24
IM_SecB,IM,SecB,M064-24
IM_SecB,IM,SecB,M072-24
IM_SecB,IM,SecB,M074-24
IM_SecB,IM,SecB,M077-24
IM_SecB,IM,SecB,M079-24
IM_SecB,IM,SecB,M090-24
IM_SecB,IM,SecB,M093-24
IM_SecB,IM,SecB,M095-24
IM_SecB,IM,SecB,M106-24
IM_SecB,IM,SecB,M108-24
IM_SecB,IM,SecB,M129-24
IM_SecB,IM,SecB,M143-24
IM_SecB,IM,SecB,M150-24
IM_SecB,IM,SecB,M176-24
IM_SecB,IM,SecB,M184-24
IM_SecB,IM,SecB,M193-24
IM_SecB,IM,SecB,M201-24
IM_SecB,IM,SecB,M203-24
IM_SecB,IM,SecB,M204-24
IM_SecB,IM,SecB,M236-24
IM_SecB,IM,SecB,M237-24
IM_SecB,IM,SecB,M245-24
IM_SecB,IM,SecB,M263-24
IM_SecB,IM,SecB,M266-24
IM_SecB,IM,SecB,M271-24
NCM,NCM,Full,H001-24
NCM,NCM,Full,H002-24
NCM,NCM,Full,H003-24
NCM,NCM,Full,H004-23
NCM,NCM,Full,H004-24
NCM,NCM,Full,H005-24
NCM,NCM,Full,H006-24
NCM,NCM,Full,H007-24
NCM,NCM,Full,H008-24
NCM,NCM,Full,H009-24
NCM,NCM,Full,H010-24
NCM,NCM,Full,H011-24
NCM,NCM,Full,H012-24
NCM,NCM,Full,H014-24
NCM,NCM,Full,H015-24
NCM,NCM,Full,H016-24
NCM,NCM,Full,H017-24
NCM,NCM,Full,H018-24
NCM,NCM,Full,H019-24
NCM,NCM,Full,H020-24
NCM,NCM,Full,H021-24
NCM,NCM,Full,H022-24
NCM,NCM,Full,H023-24
NCM,NCM,Full,H025-24
NCM,NCM,Full,H026-24
NCM,NCM,Full,H027-24
NCM,NCM,Full,H028-24
NCM,NCM,Full,H029-24
NCM,NCM,Full,H030-23
NCM,NCM,Full,H030-24
NCM,NCM,Full,H031-24
NCM,NCM,Full,H032-24
NCM,NCM,Full,H034-24
NCM,NCM,Full,H035-24
NCM,NCM,Full,H036-24
NCM,NCM,Full,H037-24
NCM,NCM,Full,H038-24
NCM,NCM,Full,H039-24
NCM,NCM,Full,H040-24
NCM,NCM,Full,H041-24
NCM,NCM,Full,H042-24
NCM,NCM,Full,H043-24
NCM,NCM,Full,H044-24
NCM,NCM,Full,H045-24
NCM,NCM,Full,H046-24
NCM,NCM,Full,H047-24
NCM,NCM,Full,H048-24
NCM,NCM,Full,H049-23
NCM,NCM,Full,H049-24
NCM,NCM,Full,H050-24
NCM,NCM,Full,H051-24
NCM,NCM,Full,H052-24
NCM,NCM,Full,H053-24
NCM,NCM,Full,H055-24
NCM,NCM,Full,H056-24
NCM,NCM,Full,H057-24
NCM,NCM,Full,H058-24
NCM,NCM,Full,H059-24
NCM,NCM,Full,H072-23
NCM,NCM,Full,H077-23
NCM,NCM,Full,H083-23
NCM,NCM,Full,H085-23
NCM,NCM,Full,M012-24
NCM,NCM,Full,M036-24
NCM,NCM,Full,M049-23
NCM,NCM,Full,M122-24
NCM,NCM,Full,M125-24
NCM,NCM,Full,M174-24
ODC_SecA,ODC,SecA,H002-24
ODC_SecA,ODC,SecA,H008-24
ODC_SecA,ODC,SecA,H011-24
ODC_SecA,ODC,SecA,H018-24
ODC_SecA,ODC,SecA,H019-24
ODC_SecA,ODC,SecA,H026-24
ODC_SecA,ODC,SecA,H028-24
ODC_SecA,ODC,SecA,H030-23
ODC_SecA,ODC,SecA,H030-24
ODC_SecA,ODC,SecA,H031-24
ODC_SecA,ODC,SecA,H032-24
ODC_SecA,ODC,SecA,H035-24
ODC_SecA,ODC,SecA,H037-24
ODC_SecA,ODC,SecA,H040-24
ODC_SecA,ODC,SecA,H045-24
ODC_SecA,ODC,SecA,H046-24
ODC_SecA,ODC,SecA,H047-24
ODC_SecA,ODC,SecA,H049-23
ODC_SecA,ODC,SecA,H055-24
ODC_SecA,ODC,SecA,H056-24
ODC_SecA,ODC,SecA,H057-24
ODC_SecA,ODC,SecA,H058-24
ODC_SecA,ODC,SecA,H072-23
ODC_SecA,ODC,SecA,H077-23
ODC_SecA,ODC,SecA,H083-23
ODC_SecA,ODC,SecA,H085-23
ODC_SecA,ODC,SecA,IPM080-21
ODC_SecA,ODC,SecA,M011-24
ODC_SecA,ODC,SecA,M058-24
ODC_SecA,ODC,SecA,M076-24
ODC_SecA,ODC,SecA,M111-24
ODC_SecA,ODC,SecA,M146-24
ODC_SecA,ODC,SecA,M165-24
ODC_SecA,ODC,SecA,M201-24
ODC_SecA,ODC,SecA,M236-24
ODC_SecB,ODC,SecB,H001-24
ODC_SecB,ODC,SecB,H003-24
ODC_SecB,ODC,SecB,H004-23
ODC_SecB,ODC,SecB,H004-24
ODC_SecB,ODC,SecB,H005-24
ODC_SecB,ODC,SecB,H006-24
ODC_SecB,ODC,SecB,H007-24
ODC_SecB,ODC,SecB,H009-24
ODC_SecB,ODC,SecB,H010-24
ODC_SecB,ODC,SecB,H012-24
ODC_SecB,ODC,SecB,H014-24
ODC_SecB,ODC,SecB,H015-24
ODC_SecB,ODC,SecB,H016-24
ODC_SecB,ODC,SecB,H017-24
ODC_SecB,ODC,SecB,H020-24
ODC_SecB,ODC,SecB,H021-24
ODC_SecB,ODC,SecB,H022-24
ODC_SecB,ODC,SecB,H023-24
ODC_SecB,ODC,SecB,H025-24
ODC_SecB,ODC,SecB,H027-24
ODC_SecB,ODC,SecB,H029-24
ODC_SecB,ODC,SecB,H034-24
ODC_SecB,ODC,SecB,H036-24
ODC_SecB,ODC,SecB,H038-24
ODC_SecB,ODC,SecB,H039-24
ODC_SecB,ODC,SecB,H041-24
ODC_SecB,ODC,SecB,H042-24
ODC_SecB,ODC,SecB,H043-24
ODC_SecB,ODC,SecB,H044-24
ODC_SecB,ODC,SecB,H048-24
ODC_SecB,ODC,SecB,H049-24
ODC_SecB,ODC,SecB,H050-24
ODC_SecB,ODC,SecB,H051-24
ODC_SecB,ODC,SecB,H052-24
ODC_SecB,ODC,SecB,H053-24
ODC_SecB,ODC,SecB,H059-24
PBM_SecA,PBM,SecA,BA009-24
PBM_SecA,PBM,SecA,BA046-24
PBM_SecA,PBM,SecA,IPM005-21
PBM_SecA,PBM,SecA,IPM006-21
PBM_SecA,PBM,SecA,IPM011-21
PBM_SecA,PBM,SecA,IPM040-21
PBM_SecA,PBM,SecA,IPM041-21
PBM_SecA,PBM,SecA,IPM052-21
PBM_SecA,PBM,SecA,IPM061-21
PBM_SecA,PBM,SecA,IPM070-21
PBM_SecA,PBM,SecA,IPM078-21
PBM_SecA,PBM,SecA,IPM097-21
PBM_SecA,PBM,SecA,IPM100-21
PBM_SecA,PBM,SecA,IPM122-21
PBM_SecA,PBM,SecA,IPM123-21
PBM_SecA,PBM,SecA,M001-24
PBM_SecA,PBM,SecA,M006-24
PBM_SecA,PBM,SecA,M011-24
PBM_SecA,PBM,SecA,M014-24
PBM_SecA,PBM,SecA,M022-24
PBM_SecA,PBM,SecA,M038-24
PBM_SecA,PBM,SecA,M041-24
PBM_SecA,PBM,SecA,M042-24
PBM_SecA,PBM,SecA,M043-24
PBM_SecA,PBM,SecA,M044-24
PBM_SecA,PBM,SecA,M045-24
PBM_SecA,PBM,SecA,M057-24
PBM_SecA,PBM,SecA,M084-24
PBM_SecA,PBM,SecA,M089-24
PBM_SecA,PBM,SecA,M091-24
PBM_SecA,PBM,SecA,M099-24
PBM_SecA,PBM,SecA,M105-23
PBM_SecA,PBM,SecA,M114-24
PBM_SecA,PBM,SecA,M116-24
PBM_SecA,PBM,SecA,M122-24
PBM_SecA,PBM,SecA,M123-24
PBM_SecA,PBM,SecA,M124-24
PBM_SecA,PBM,SecA,M128-24
PBM_SecA,PBM,SecA,M130-24
PBM_SecA,PBM,SecA,M132-24
PBM_SecA,PBM,SecA,M134-24
PBM_SecA,PBM,SecA,M141-24
PBM_SecA,PBM,SecA,M142-24
PBM_SecA,PBM,SecA,M144-24
PBM_SecA,PBM,SecA,M147-24
PBM_SecA,PBM,SecA,M149-24
PBM_SecA,PBM,SecA,M155-24
PBM_SecA,PBM,SecA,M168-24
PBM_SecA,PBM,SecA,M169-24
PBM_SecA,PBM,SecA,M170-24
PBM_SecA,PBM,SecA,M191-24
PBM_SecA,PBM,SecA,M196-24
PBM_SecA,PBM,SecA,M200-24
PBM_SecA,PBM,SecA,M205-24
PBM_SecA,PBM,SecA,M206-24
PBM_SecA,PBM,SecA,M209-24
PBM_SecA,PBM,SecA,M211-24
PBM_SecA,PBM,SecA,M214-24
PBM_SecA,PBM,SecA,M215-24
PBM_SecA,PBM,SecA,M217-24
PBM_SecA,PBM,SecA,M219-24
PBM_SecA,PBM,SecA,M221-24
PBM_SecA,PBM,SecA,M232-24
PBM_SecA,PBM,SecA,M238-24
PBM_SecA,PBM,SecA,M247-24
PBM_SecA,PBM,SecA,M248-24
PBM_SecA,PBM,SecA,M251-24
PBM_SecA,PBM,SecA,M256-24
PBM_SecA,PBM,SecA,M260-24
PBM_SecA,PBM,SecA,M265-24
PBM_SecA,PBM,SecA,M269-24
PBM_SecB,PBM,SecB,BA003-24
PBM_SecB,PBM,SecB,BA004-24
PBM_SecB,PBM,SecB,BA007-24
PBM_SecB,PBM,SecB,BA014-24
PBM_SecB,PBM,SecB,BA015-24
PBM_SecB,PBM,SecB,BA018-24
PBM_SecB,PBM,SecB,BA022-24
PBM_SecB,PBM,SecB,BA024-24
PBM_SecB,PBM,SecB,BA025-24
PBM_SecB,PBM,SecB,BA028-24
PBM_SecB,PBM,SecB,BA030-24
PBM_SecB,PBM,SecB,BA031-24
PBM_SecB,PBM,SecB,BA033-24
PBM_SecB,PBM,SecB,BA035-24
PBM_SecB,PBM,SecB,BA036-24
PBM_SecB,PBM,SecB,BA037-24
PBM_SecB,PBM,SecB,BA039-24
PBM_SecB,PBM,SecB,BA040-24
PBM_SecB,PBM,SecB,BA052-24
PBM_SecB,PBM,SecB,IPM017-21
PBM_SecB,PBM,SecB,IPM018-21
PBM_SecB,PBM,SecB,IPM021-21
PBM_SecB,PBM,SecB,IPM032-21
PBM_SecB,PBM,SecB,IPM058-21
PBM_SecB,PBM,SecB,IPM060-21
PBM_SecB,PBM,SecB,IPM071-21
PBM_SecB,PBM,SecB,IPM072-21
PBM_SecB,PBM,SecB,IPM079-21
PBM_SecB,PBM,SecB,IPM088-21
PBM_SecB,PBM,SecB,IPM118-21
PBM_SecB,PBM,SecB,M002-24
PBM_SecB,PBM,SecB,M003-24
PBM_SecB,PBM,SecB,M015-24
PBM_SecB,PBM,SecB,M018-24
PBM_SecB,PBM,SecB,M020-24
PBM_SecB,PBM,SecB,M025-24
PBM_SecB,PBM,SecB,M029-24
PBM_SecB,PBM,SecB,M034-24
PBM_SecB,PBM,SecB,M035-24
PBM_SecB,PBM,SecB,M039-24
PBM_SecB,PBM,SecB,M040-24
PBM_SecB,PBM,SecB,M052-24
PBM_SecB,PBM,SecB,M058-24
PBM_SecB,PBM,SecB,M065-24
PBM_SecB,PBM,SecB,M072-24
PBM_SecB,PBM,SecB,M079-24
PBM_SecB,PBM,SecB,M104-24
PBM_SecB,PBM,SecB,M106-24
PBM_SecB,PBM,SecB,M108-24
PBM_SecB,PBM,SecB,M118-24
PBM_SecB,PBM,SecB,M120-24
PBM_SecB,PBM,SecB,M126-24
PBM_SecB,PBM,SecB,M154-24
PBM_SecB,PBM,SecB,M175-24
PBM_SecB,PBM,SecB,M177-24
PBM_SecB,PBM,SecB,M185-24
PBM_SecB,PBM,SecB,M186-24
PBM_SecB,PBM,SecB,M201-24
PBM_SecB,PBM,SecB,M204-24
PBM_SecB,PBM,SecB,M223-24
PBM_SecB,PBM,SecB,M225-24
PBM_SecB,PBM,SecB,M226-24
PBM_SecB,PBM,SecB,M227-24
PBM_SecB,PBM,SecB,M235-24
PBM_SecB,PBM,SecB,M245-24
PBM_SecB,PBM,SecB,M254-24
PBM_SecB,PBM,SecB,M259-24
PBM_SecB,PBM,SecB,M266-24
PBM_SecB,PBM,SecB,M267-24
PM_SecA,PM,SecA,BA004-24
PM_SecA,PM,SecA,BA011-24
PM_SecA,PM,SecA,BA013-24
PM_SecA,PM,SecA,BA014-24
PM_SecA,PM,SecA,BA015-24
PM_SecA,PM,SecA,BA021-24
PM_SecA,PM,SecA,BA023-24
PM_SecA,PM,SecA,BA029-24
PM_SecA,PM,SecA,BA049-24
PM_SecA,PM,SecA,BA055-24
PM_SecA,PM,SecA,IPM006-21
PM_SecA,PM,SecA,IPM017-21
PM_SecA,PM,SecA,IPM050-21
PM_SecA,PM,SecA,IPM081-21
PM_SecA,PM,SecA,IPM128-21
PM_SecA,PM,SecA,M025-24
PM_SecA,PM,SecA,M042-24
PM_SecA,PM,SecA,M043-24
PM_SecA,PM,SecA,M044-24
PM_SecA,PM,SecA,M077-24
PM_SecA,PM,SecA,M084-24
PM_SecA,PM,SecA,M098-24
PM_SecA,PM,SecA,M099-23
PM_SecA,PM,SecA,M103-24
PM_SecA,PM,SecA,M105-23
PM_SecA,PM,SecA,M139-24
PM_SecA,PM,SecA,M140-24
PM_SecA,PM,SecA,M142-24
PM_SecA,PM,SecA,M143-24
PM_SecA,PM,SecA,M149-24
PM_SecA,PM,SecA,M153-24
PM_SecA,PM,SecA,M166-24
PM_SecA,PM,SecA,M169-24
PM_SecA,PM,SecA,M177-24
PM_SecA,PM,SecA,M186-24
PM_SecA,PM,SecA,M197-24
PM_SecA,PM,SecA,M200-24
PM_SecA,PM,SecA,M202-24
PM_SecA,PM,SecA,M204-24
PM_SecA,PM,SecA,M206-24
PM_SecA,PM,SecA,M214-24
PM_SecA,PM,SecA,M216-24
PM_SecA,PM,SecA,M218-24
PM_SecA,PM,SecA,M224-24
PM_SecA,PM,SecA,M269-24
PM_SecA,PM,SecA,M271-24
PM_SecB,PM,SecB,BA002-24
PM_SecB,PM,SecB,BA005-24
PM_SecB,PM,SecB,BA010-24
PM_SecB,PM,SecB,BA020-24
PM_SecB,PM,SecB,BA022-24
PM_SecB,PM,SecB,BA038-24
PM_SecB,PM,SecB,BA040-24
PM_SecB,PM,SecB,BA043-24
PM_SecB,PM,SecB,BA054-24
PM_SecB,PM,SecB,H006-24
PM_SecB,PM,SecB,H014-24
PM_SecB,PM,SecB,H016-24
PM_SecB,PM,SecB,H021-24
PM_SecB,PM,SecB,H027-24
PM_SecB,PM,SecB,H044-24
PM_SecB,PM,SecB,IPM044-21
PM_SecB,PM,SecB,IPM055-21
PM_SecB,PM,SecB,IPM062-21
PM_SecB,PM,SecB,IPM100-21
PM_SecB,PM,SecB,IPM107-21
PM_SecB,PM,SecB,M001-24
PM_SecB,PM,SecB,M004-24
PM_SecB,PM,SecB,M006-24
PM_SecB,PM,SecB,M017-24
PM_SecB,PM,SecB,M019-24
PM_SecB,PM,SecB,M026-24
PM_SecB,PM,SecB,M027-24
PM_SecB,PM,SecB,M031-24
PM_SecB,PM,SecB,M067-24
PM_SecB,PM,SecB,M068-24
PM_SecB,PM,SecB,M069-24
PM_SecB,PM,SecB,M070-24
PM_SecB,PM,SecB,M134-24
PM_SecB,PM,SecB,M171-24
PM_SecB,PM,SecB,M173-24
PM_SecB,PM,SecB,M178-24
PM_SecB,PM,SecB,M180-24
PM_SecB,PM,SecB,M196-24
PM_SecB,PM,SecB,M205-24
PM_SecB,PM,SecB,M208-24
PM_SecB,PM,SecB,M210-24
PM_SecB,PM,SecB,M230-24
PM_SecB,PM,SecB,M238-24
PM_SecB,PM,SecB,M239-24
PM_SecB,PM,SecB,M249-23
PM_SecB,PM,SecB,M264-24
PRI_SecA,PRI,SecA,BA002-24
PRI_SecA,PRI,SecA,BA004-23
PRI_SecA,PRI,SecA,BA010-24
PRI_SecA,PRI,SecA,BA041-24
PRI_SecA,PRI,SecA,BA048-24
PRI_SecA,PRI,SecA,IPM005-21
PRI_SecA,PRI,SecA,IPM015-21
PRI_SecA,PRI,SecA,IPM016-21
PRI_SecA,PRI,SecA,IPM020-21
PRI_SecA,PRI,SecA,IPM022-21
PRI_SecA,PRI,SecA,IPM037-21
PRI_SecA,PRI,SecA,IPM039-21
PRI_SecA,PRI,SecA,IPM051-21
PRI_SecA,PRI,SecA,IPM055-21
PRI_SecA,PRI,SecA,IPM056-21
PRI_SecA,PRI,SecA,IPM057-21
PRI_SecA,PRI,SecA,IPM059-21
PRI_SecA,PRI,SecA,IPM067-21
PRI_SecA,PRI,SecA,IPM094-21
PRI_SecA,PRI,SecA,IPM099-21
PRI_SecA,PRI,SecA,IPM110-21
PRI_SecA,PRI,SecA,M004-24
PRI_SecA,PRI,SecA,M033-24
PRI_SecA,PRI,SecA,M048-24
PRI_SecA,PRI,SecA,M066-24
PRI_SecA,PRI,SecA,M068-24
PRI_SecA,PRI,SecA,M091-24
PRI_SecA,PRI,SecA,M097-24
PRI_SecA,PRI,SecA,M105-24
PRI_SecA,PRI,SecA,M107-24
PRI_SecA,PRI,SecA,M110-24
PRI_SecA,PRI,SecA,M122-24
PRI_SecA,PRI,SecA,M125-23
PRI_SecA,PRI,SecA,M125-24
PRI_SecA,PRI,SecA,M191-24
PRI_SecA,PRI,SecA,M192-24
PRI_SecA,PRI,SecA,M200-23
PRI_SecA,PRI,SecA,M219-24
PRI_SecA,PRI,SecA,M220-24
PRI_SecA,PRI,SecA,M221-24
PRI_SecA,PRI,SecA,M229-24
PRI_SecA,PRI,SecA,M230-24
PRI_SecA,PRI,SecA,M240-24
PRI_SecA,PRI,SecA,M242-24
PRI_SecA,PRI,SecA,M249-23
PRI_SecA,PRI,SecA,M255-24
PRI_SecA,PRI,SecA,M262-24
PRI_SecA,PRI,SecA,M265-24
PRI_SecB,PRI,SecB,BA019-24
PRI_SecB,PRI,SecB,BA021-24
PRI_SecB,PRI,SecB,BA049-24
PRI_SecB,PRI,SecB,IPM021-21
PRI_SecB,PRI,SecB,IPM043-21
PRI_SecB,PRI,SecB,IPM050-21
PRI_SecB,PRI,SecB,IPM054-21
PRI_SecB,PRI,SecB,IPM062-21
PRI_SecB,PRI,SecB,IPM080-21
PRI_SecB,PRI,SecB,IPM087-21
PRI_SecB,PRI,SecB,IPM100-21
PRI_SecB,PRI,SecB,IPM107-21
PRI_SecB,PRI,SecB,IPM116-21
PRI_SecB,PRI,SecB,IPM118-21
PRI_SecB,PRI,SecB,IPM128-21
PRI_SecB,PRI,SecB,M019-24
PRI_SecB,PRI,SecB,M030-24
PRI_SecB,PRI,SecB,M043-24
PRI_SecB,PRI,SecB,M058-24
PRI_SecB,PRI,SecB,M067-24
PRI_SecB,PRI,SecB,M071-24
PRI_SecB,PRI,SecB,M076-24
PRI_SecB,PRI,SecB,M079-24
PRI_SecB,PRI,SecB,M083-24
PRI_SecB,PRI,SecB,M098-24
PRI_SecB,PRI,SecB,M102-24
PRI_SecB,PRI,SecB,M111-24
PRI_SecB,PRI,SecB,M115-24
PRI_SecB,PRI,SecB,M118-24
PRI_SecB,PRI,SecB,M123-24
PRI_SecB,PRI,SecB,M137-24
PRI_SecB,PRI,SecB,M140-24
PRI_SecB,PRI,SecB,M142-24
PRI_SecB,PRI,SecB,M149-24
PRI_SecB,PRI,SecB,M154-24
PRI_SecB,PRI,SecB,M155-24
PRI_SecB,PRI,SecB,M162-24
PRI_SecB,PRI,SecB,M171-23
PRI_SecB,PRI,SecB,M173-24
PRI_SecB,PRI,SecB,M175-24
PRI_SecB,PRI,SecB,M196-24
PRI_SecB,PRI,SecB,M203-24
PRI_SecB,PRI,SecB,M211-24
PRI_SecB,PRI,SecB,M222-24
PRI_SecB,PRI,SecB,M239-24
PRI_SecB,PRI,SecB,M259-24
PRI_SecB,PRI,SecB,M261-24
PRI_SecB,PRI,SecB,M270-24
REE,REE,Full,BA005-24
REE,REE,Full,H001-24
REE,REE,Full,H002-24
REE,REE,Full,H003-24
REE,REE,Full,H004-23
REE,REE,Full,H004-24
REE,REE,Full,H005-24
REE,REE,Full,H006-24
REE,REE,Full,H007-24
REE,REE,Full,H008-24
REE,REE,Full,H009-24
REE,REE,Full,H010-24
REE,REE,Full,H011-24
REE,REE,Full,H012-24
REE,REE,Full,H014-24
REE,REE,Full,H015-24
REE,REE,Full,H016-24
REE,REE,Full,H017-24
REE,REE,Full,H018-24
REE,REE,Full,H019-24
REE,REE,Full,H020-24
REE,REE,Full,H021-24
REE,REE,Full,H022-24
REE,REE,Full,H023-24
REE,REE,Full,H025-24
REE,REE,Full,H026-24
REE,REE,Full,H027-24
REE,REE,Full,H028-24
REE,REE,Full,H029-24
REE,REE,Full,H030-23
REE,REE,Full,H030-24
REE,REE,Full,H031-24
REE,REE,Full,H032-24
REE,REE,Full,H034-24
REE,REE,Full,H035-24
REE,REE,Full,H036-24
REE,REE,Full,H037-24
REE,REE,Full,H038-24
REE,REE,Full,H039-24
REE,REE,Full,H040-24
REE,REE,Full,H041-24
REE,REE,Full,H042-24
REE,REE,Full,H043-24
REE,REE,Full,H044-24
REE,REE,Full,H045-24
REE,REE,Full,H046-24
REE,REE,Full,H047-24
REE,REE,Full,H048-24
REE,REE,Full,H049-23
REE,REE,Full,H049-24
REE,REE,Full,H050-24
REE,REE,Full,H051-24
REE,REE,Full,H052-24
REE,REE,Full,H053-24
REE,REE,Full,H055-24
REE,REE,Full,H056-24
REE,REE,Full,H057-24
REE,REE,Full,H058-24
REE,REE,Full,H059-24
REE,REE,Full,H072-23
REE,REE,Full,H077-23
REE,REE,Full,H083-23
REE,REE,Full,H085-23
REE,REE,Full,IPM059-21
REE,REE,Full,M001-24
REE,REE,Full,M170-24
REE,REE,Full,M193-24
REE,REE,Full,M210-24
REE,REE,Full,M234-24
SCM_SecA,SCM,SecA,BA005-24
SCM_SecA,SCM,SecA,IPM044-21
SCM_SecA,SCM,SecA,IPM050-21
SCM_SecA,SCM,SecA,IPM055-21
SCM_SecA,SCM,SecA,IPM081-21
SCM_SecA,SCM,SecA,M022-24
SCM_SecA,SCM,SecA,M040-23
SCM_SecA,SCM,SecA,M041-24
SCM_SecA,SCM,SecA,M043-24
SCM_SecA,SCM,SecA,M044-24
SCM_SecA,SCM,SecA,M045-24
SCM_SecA,SCM,SecA,M048-24
SCM_SecA,SCM,SecA,M049-24
SCM_SecA,SCM,SecA,M055-24
SCM_SecA,SCM,SecA,M069-24
SCM_SecA,SCM,SecA,M084-24
SCM_SecA,SCM,SecA,M098-24
SCM_SecA,SCM,SecA,M101-24
SCM_SecA,SCM,SecA,M103-24
SCM_SecA,SCM,SecA,M105-24
SCM_SecA,SCM,SecA,M110-24
SCM_SecA,SCM,SecA,M112-24
SCM_SecA,SCM,SecA,M121-24
SCM_SecA,SCM,SecA,M134-24
SCM_SecA,SCM,SecA,M142-24
SCM_SecA,SCM,SecA,M145-24
SCM_SecA,SCM,SecA,M149-24
SCM_SecA,SCM,SecA,M163-24
SCM_SecA,SCM,SecA,M178-24
SCM_SecA,SCM,SecA,M200-24
SCM_SecA,SCM,SecA,M231-24
SCM_SecA,SCM,SecA,M232-24
SCM_SecA,SCM,SecA,M234-24
SCM_SecA,SCM,SecA,M238-24
SCM_SecA,SCM,SecA,M240-24
SCM_SecA,SCM,SecA,M242-24
SCM_SecA,SCM,SecA,M248-24
SCM_SecA,SCM,SecA,M253-24
SCM_SecA,SCM,SecA,M260-24
SCM_SecA,SCM,SecA,M264-24
SCM_SecA,SCM,SecA,M269-24
SCM_SecB,SCM,SecB,BA011-24
SCM_SecB,SCM,SecB,BA013-24
SCM_SecB,SCM,SecB,BA021-24
SCM_SecB,SCM,SecB,BA023-24
SCM_SecB,SCM,SecB,BA029-24
SCM_SecB,SCM,SecB,BA049-24
SCM_SecB,SCM,SecB,BA055-24
SCM_SecB,SCM,SecB,IPM017-21
SCM_SecB,SCM,SecB,IPM107-21
SCM_SecB,SCM,SecB,IPM115-21
SCM_SecB,SCM,SecB,IPM128-21
SCM_SecB,SCM,SecB,M025-24
SCM_SecB,SCM,SecB,M034-24
SCM_SecB,SCM,SecB,M042-24
SCM_SecB,SCM,SecB,M077-24
SCM_SecB,SCM,SecB,M099-23
SCM_SecB,SCM,SecB,M105-23
SCM_SecB,SCM,SecB,M123-24
SCM_SecB,SCM,SecB,M139-24
SCM_SecB,SCM,SecB,M140-24
SCM_SecB,SCM,SecB,M143-24
SCM_SecB,SCM,SecB,M153-24
SCM_SecB,SCM,SecB,M162-24
SCM_SecB,SCM,SecB,M166-24
SCM_SecB,SCM,SecB,M169-24
SCM_SecB,SCM,SecB,M173-24
SCM_SecB,SCM,SecB,M186-24
SCM_SecB,SCM,SecB,M197-24
SCM_SecB,SCM,SecB,M202-24
SCM_SecB,SCM,SecB,M204-24
SCM_SecB,SCM,SecB,M206-24
SCM_SecB,SCM,SecB,M211-24
SCM_SecB,SCM,SecB,M214-24
SCM_SecB,SCM,SecB,M216-24
SCM_SecB,SCM,SecB,M218-24
SCM_SecB,SCM,SecB,M224-24
SCM_SecB,SCM,SecB,M235-24
SCM_SecB,SCM,SecB,M244-24
SCM_SecB,SCM,SecB,M254-24
SCM_SecB,SCM,SecB,M263-24
SCM_SecB,SCM,SecB,M271-24
SDM_SecA,SDM,SecA,BA048-24
SDM_SecA,SDM,SecA,IPM005-21
SDM_SecA,SDM,SecA,IPM016-21
SDM_SecA,SDM,SecA,IPM022-21
SDM_SecA,SDM,SecA,IPM044-21
SDM_SecA,SDM,SecA,IPM080-21
SDM_SecA,SDM,SecA,IPM081-21
SDM_SecA,SDM,SecA,IPM094-21
SDM_SecA,SDM,SecA,IPM100-21
SDM_SecA,SDM,SecA,IPM110-21
SDM_SecA,SDM,SecA,M006-24
SDM_SecA,SDM,SecA,M011-24
SDM_SecA,SDM,SecA,M022-24
SDM_SecA,SDM,SecA,M031-24
SDM_SecA,SDM,SecA,M033-24
SDM_SecA,SDM,SecA,M034-23
SDM_SecA,SDM,SecA,M038-24
SDM_SecA,SDM,SecA,M041-24
SDM_SecA,SDM,SecA,M044-24
SDM_SecA,SDM,SecA,M045-24
SDM_SecA,SDM,SecA,M046-24
SDM_SecA,SDM,SecA,M048-24
SDM_SecA,SDM,SecA,M049-24
SDM_SecA,SDM,SecA,M051-24
SDM_SecA,SDM,SecA,M066-24
SDM_SecA,SDM,SecA,M067-24
SDM_SecA,SDM,SecA,M068-24
SDM_SecA,SDM,SecA,M089-24
SDM_SecA,SDM,SecA,M091-24
SDM_SecA,SDM,SecA,M098-24
SDM_SecA,SDM,SecA,M101-24
SDM_SecA,SDM,SecA,M107-24
SDM_SecA,SDM,SecA,M110-24
SDM_SecA,SDM,SecA,M111-24
SDM_SecA,SDM,SecA,M116-24
SDM_SecA,SDM,SecA,M125-24
SDM_SecA,SDM,SecA,M127-24
SDM_SecA,SDM,SecA,M132-24
SDM_SecA,SDM,SecA,M133-24
SDM_SecA,SDM,SecA,M145-24
SDM_SecA,SDM,SecA,M146-24
SDM_SecA,SDM,SecA,M149-24
SDM_SecA,SDM,SecA,M155-24
SDM_SecA,SDM,SecA,M165-24
SDM_SecA,SDM,SecA,M171-24
SDM_SecA,SDM,SecA,M178-24
SDM_SecA,SDM,SecA,M182-24
SDM_SecA,SDM,SecA,M186-23
SDM_SecA,SDM,SecA,M192-24
SDM_SecA,SDM,SecA,M200-24
SDM_SecA,SDM,SecA,M208-23
SDM_SecA,SDM,SecA,M210-24
SDM_SecA,SDM,SecA,M220-24
SDM_SecA,SDM,SecA,M221-24
SDM_SecA,SDM,SecA,M228-24
SDM_SecA,SDM,SecA,M229-24
SDM_SecA,SDM,SecA,M231-24
SDM_SecA,SDM,SecA,M234-24
SDM_SecA,SDM,SecA,M242-24
SDM_SecA,SDM,SecA,M244-23
SDM_SecA,SDM,SecA,M247-24
SDM_SecA,SDM,SecA,M249-23
SDM_SecA,SDM,SecA,M253-24
SDM_SecA,SDM,SecA,M255-24
SDM_SecA,SDM,SecA,M256-24
SDM_SecA,SDM,SecA,M262-24
SDM_SecA,SDM,SecA,M264-24
SDM_SecA,SDM,SecA,M265-24
SDM_SecA,SDM,SecA,M270-24
SDM_SecB,SDM,SecB,BA003-24
SDM_SecB,SDM,SecB,BA037-24
SDM_SecB,SDM,SecB,BA039-24
SDM_SecB,SDM,SecB,BA046-24
SDM_SecB,SDM,SecB,BA047-24
SDM_SecB,SDM,SecB,IPM006-21
SDM_SecB,SDM,SecB,IPM009-21
SDM_SecB,SDM,SecB,IPM013-21
SDM_SecB,SDM,SecB,IPM040-21
SDM_SecB,SDM,SecB,IPM053-21
SDM_SecB,SDM,SecB,IPM058-21
SDM_SecB,SDM,SecB,IPM060-21
SDM_SecB,SDM,SecB,IPM070-21
SDM_SecB,SDM,SecB,IPM078-21
SDM_SecB,SDM,SecB,IPM079-21
SDM_SecB,SDM,SecB,IPM107-21
SDM_SecB,SDM,SecB,IPM116-21
SDM_SecB,SDM,SecB,IPM117-21
SDM_SecB,SDM,SecB,IPM118-21
SDM_SecB,SDM,SecB,IPM122-21
SDM_SecB,SDM,SecB,IPM123-21
SDM_SecB,SDM,SecB,IPM128-21
SDM_SecB,SDM,SecB,M001-24
SDM_SecB,SDM,SecB,M002-24
SDM_SecB,SDM,SecB,M003-24
SDM_SecB,SDM,SecB,M010-23
SDM_SecB,SDM,SecB,M014-24
SDM_SecB,SDM,SecB,M015-24
SDM_SecB,SDM,SecB,M018-24
SDM_SecB,SDM,SecB,M020-24
SDM_SecB,SDM,SecB,M029-24
SDM_SecB,SDM,SecB,M035-24
SDM_SecB,SDM,SecB,M093-24
SDM_SecB,SDM,SecB,M096-24
SDM_SecB,SDM,SecB,M113-24
SDM_SecB,SDM,SecB,M115-24
SDM_SecB,SDM,SecB,M118-24
SDM_SecB,SDM,SecB,M120-24
SDM_SecB,SDM,SecB,M123-24
SDM_SecB,SDM,SecB,M135-24
SDM_SecB,SDM,SecB,M138-24
SDM_SecB,SDM,SecB,M141-24
SDM_SecB,SDM,SecB,M147-24
SDM_SecB,SDM,SecB,M150-24
SDM_SecB,SDM,SecB,M157-24
SDM_SecB,SDM,SecB,M161-24
SDM_SecB,SDM,SecB,M164-24
SDM_SecB,SDM,SecB,M168-24
SDM_SecB,SDM,SecB,M173-24
SDM_SecB,SDM,SecB,M175-24
SDM_SecB,SDM,SecB,M176-24
SDM_SecB,SDM,SecB,M185-24
SDM_SecB,SDM,SecB,M186-24
SDM_SecB,SDM,SecB,M199-24
SDM_SecB,SDM,SecB,M205-24
SDM_SecB,SDM,SecB,M206-24
SDM_SecB,SDM,SecB,M208-24
SDM_SecB,SDM,SecB,M215-24
SDM_SecB,SDM,SecB,M217-24
SDM_SecB,SDM,SecB,M225-24
SDM_SecB,SDM,SecB,M227-24
SDM_SecB,SDM,SecB,M235-24
SDM_SecB,SDM,SecB,M239-24
SDM_SecB,SDM,SecB,M241-24
SDM_SecB,SDM,SecB,M243-24
SDM_SecB,SDM,SecB,M246-24
SDM_SecB,SDM,SecB,M251-24
SDM_SecB,SDM,SecB,M258-24
SDM_SecB,SDM,SecB,M263-24
SDM_SecB,SDM,SecB,M267-24
SMTI,SMTI,Full,BA004-23
SMTI,SMTI,Full,BA006-24
SMTI,SMTI,Full,BA008-24
SMTI,SMTI,Full,H002-24
SMTI,SMTI,Full,H056-24
SMTI,SMTI,Full,H077-23
SMTI,SMTI,Full,IPM002-21
SMTI,SMTI,Full,IPM008-21
SMTI,SMTI,Full,IPM016-21
SMTI,SMTI,Full,IPM023-21
SMTI,SMTI,Full,IPM052-21
SMTI,SMTI,Full,IPM057-21
SMTI,SMTI,Full,IPM059-21
SMTI,SMTI,Full,IPM061-21
SMTI,SMTI,Full,IPM063-21
SMTI,SMTI,Full,IPM067-21
SMTI,SMTI,Full,IPM077-21
SMTI,SMTI,Full,IPM105-21
SMTI,SMTI,Full,IPM110-21
SMTI,SMTI,Full,IPM122-21
SMTI,SMTI,Full,IPM123-21
SMTI,SMTI,Full,M005-24
SMTI,SMTI,Full,M010-24
SMTI,SMTI,Full,M033-24
SMTI,SMTI,Full,M049-23
SMTI,SMTI,Full,M053-24
SMTI,SMTI,Full,M066-24
SMTI,SMTI,Full,M073-24
SMTI,SMTI,Full,M075-24
SMTI,SMTI,Full,M091-24
SMTI,SMTI,Full,M095-24
SMTI,SMTI,Full,M097-24
SMTI,SMTI,Full,M103-24
SMTI,SMTI,Full,M105-24
SMTI,SMTI,Full,M107-24
SMTI,SMTI,Full,M108-24
SMTI,SMTI,Full,M110-24
SMTI,SMTI,Full,M114-24
SMTI,SMTI,Full,M124-24
SMTI,SMTI,Full,M126-24
SMTI,SMTI,Full,M127-24
SMTI,SMTI,Full,M128-24
SMTI,SMTI,Full,M130-24
SMTI,SMTI,Full,M134-24
SMTI,SMTI,Full,M144-24
SMTI,SMTI,Full,M146-24
SMTI,SMTI,Full,M149-23
SMTI,SMTI,Full,M150-24
SMTI,SMTI,Full,M159-24
SMTI,SMTI,Full,M164-24
SMTI,SMTI,Full,M169-24
SMTI,SMTI,Full,M186-24
SMTI,SMTI,Full,M191-24
SMTI,SMTI,Full,M192-24
SMTI,SMTI,Full,M193-24
SMTI,SMTI,Full,M200-24
SMTI,SMTI,Full,M202-24
SMTI,SMTI,Full,M206-24
SMTI,SMTI,Full,M228-24
SMTI,SMTI,Full,M229-24
SMTI,SMTI,Full,M230-24
SMTI,SMTI,Full,M231-24
SMTI,SMTI,Full,M256-24
SMTI,SMTI,Full,M264-24
